scenario,proportion,method,seed,rmse,mae,wasserstein_mean,wasserstein_std,mean_shift_mean,mean_shift_std,variance_retention_mean,variance_retention_std,n_cols_with_masking,corr_frob,n_masked_cells
MCAR,0.1,Mean,0,1.004206296838562,0.7894275090749202,0.7893545030098797,0.060373382038370615,0.03651033513182825,0.030673743963791855,1.0747005492674919e-36,2.318898001792181e-36,64,3.6556434349662497,23524
MCAR,0.1,Mean,1,1.0080148454087732,0.7926309891330352,0.792438631134992,0.06381694710233544,0.04383993917304693,0.03055121146572549,1.4115861809090316e-36,4.7068350314120234e-36,64,3.63964216222782,23256
MCAR,0.1,Mean,2,0.9997034482675757,0.786958828895896,0.7873415693354893,0.07361585043582095,0.04415328545335706,0.040435642181537355,1.294900554304708e-36,3.392688236518209e-36,64,3.611365801935193,23365
MCAR,0.3,Mean,0,1.0032212985029658,0.7885324058170354,0.7885646823328898,0.0585725176370775,0.02493901986597749,0.01885603280130984,1.980935477918001e-36,3.7120119085840516e-36,64,10.791127726322438,69785
MCAR,0.3,Mean,1,1.0030738133218144,0.7887013212478904,0.788390356020129,0.06008712817442694,0.027529477394238114,0.018283978983405218,5.1666362204358713e-36,1.258566997704962e-35,64,10.841816487016063,70218
MCAR,0.3,Mean,2,1.0022051135796648,0.7896306124420376,0.7895203396781915,0.06276553824409642,0.029750388513800623,0.021426830378219033,3.2701743481209384e-36,6.654167511195294e-36,64,10.807714066222035,70184
MCAR,0.5,Mean,0,1.002043163232019,0.788215896377924,0.7881846050008038,0.06003175181326107,0.023851677972553456,0.01870418844483269,1.1534012755236009e-35,2.748173160145435e-35,64,17.968195941808723,116819
MCAR,0.5,Mean,1,1.003434328388862,0.7882129038388435,0.7879768056213954,0.06123821248387711,0.029847178800112423,0.02350306083129445,1.3488663863020873e-35,2.1131225540741334e-35,64,17.991408804673718,116827
MCAR,0.5,Mean,2,1.0006134633530053,0.7882597172783112,0.788363008165122,0.060238754400829805,0.02505847558630556,0.020150294786567255,2.0462575441261221e-35,6.734460316559747e-35,64,18.012559828816503,116545
MAR,0.1,Mean,0,0.9906569121784472,0.7845152963100982,0.7845048242035053,0.06524577219492159,0.0453973627049435,0.03209669768558583,1.3156849982587646e-36,2.8488711278391193e-36,64,3.4381803826452204,23448
MAR,0.1,Mean,1,1.0013413256657502,0.7906207861328401,0.790544895992599,0.06459102565138515,0.046164890086698065,0.03167640103780598,9.090475702488846e-37,1.9972316598700244e-36,64,3.4865275507416387,23263
MAR,0.1,Mean,2,0.9949414626750305,0.7863744877127136,0.786645197738997,0.07298624817002022,0.051931608522542944,0.04103342835953955,2.0954636537213167e-36,5.1840760116194904e-36,64,3.4400514804369045,23447
MAR,0.3,Mean,0,0.9956290921139481,0.7870408979995343,0.7871088184741641,0.061148776015757286,0.033787927288891705,0.028184011877594266,3.494305332488129e-36,9.176430381966826e-36,64,10.123249503840027,69778
MAR,0.3,Mean,1,0.9982841940836695,0.7888452176544646,0.7885666346558944,0.06361856377683991,0.03251295458528384,0.023705766974487567,2.5694241134024786e-36,7.338085478957903e-36,64,10.151967821730393,70272
MAR,0.3,Mean,2,0.9954480753751844,0.7885824022180057,0.7885809605483574,0.06514476604602204,0.034611035711180314,0.02645003959647018,6.542515327532229e-36,2.637785993081961e-35,64,10.1644806771514,70139
MAR,0.5,Mean,0,0.9976431909959196,0.7893116766725488,0.7893775588466578,0.06101894611967621,0.033586186320774064,0.02345714451845145,1.5812048024531553e-35,2.2372210530841472e-35,64,16.904785122322007,116757
MAR,0.5,Mean,1,0.9976125196370504,0.7891690075632808,0.7889944874118195,0.061504444377769155,0.030537606277561205,0.022802796463441494,2.85361245116336e-35,6.810587885132039e-35,64,16.833123695836274,116844
MAR,0.5,Mean,2,0.9970252780038364,0.7899659873622401,0.7900362097932587,0.06170602575344075,0.03128457523694624,0.021205009949688478,2.121800411566831e-35,3.8322534580790413e-35,64,17.01128383583163,116538
MNAR,0.1,Mean,0,1.8307857998155128,1.495752611327958,1.4938812372706838,0.19595770889092864,1.2896304924102562,0.2065055455731318,3.655805998678915e-34,4.803333315756495e-34,64,9.094584471626792,23265
MNAR,0.1,Mean,1,1.8291946360296696,1.4983308712487877,1.4963712874529467,0.18380763427408378,1.2933531055096161,0.19234649735210982,3.902047662311473e-34,4.374227659990571e-34,64,9.134993173571354,23421
MNAR,0.1,Mean,2,1.824113320683427,1.4920929923009232,1.4895089722431947,0.18502697227744277,1.2787418751485486,0.20008643342634924,4.146664422724425e-34,6.325948702027341e-34,64,9.115531496032247,23345
MNAR,0.3,Mean,0,1.5499072874907271,1.181232369834953,1.1813417539593085,0.02785149328403649,0.9667424539695911,0.03783992650457775,1.4829345208667814e-33,2.0977862032930952e-33,64,18.132355012303847,69927
MNAR,0.3,Mean,1,1.548547045769438,1.1818314120425388,1.1817223913876909,0.030180367904503787,0.9715750779079899,0.04045112368649248,1.5791117775470557e-33,2.3827077247678157e-33,64,18.2706350810947,70249
MNAR,0.3,Mean,2,1.5436053374211036,1.1769945378772768,1.1770677010176551,0.02818397881988688,0.9600712735916133,0.03570458044214161,1.978760713120852e-33,2.8282081524950544e-33,64,18.098350260895568,69962
MNAR,0.5,Mean,0,1.380776401671092,0.99321059414001,0.9924283173511723,0.08212153292478357,0.7803998147106372,0.06464373094496653,5.8909178879519394e-33,8.495064495142185e-33,64,24.06548600157463,116682
MNAR,0.5,Mean,1,1.3806343200850173,0.9940027853673856,0.9930575888309079,0.0828726664833469,0.7809372085124532,0.0665465807616415,5.738426786708377e-33,6.918874905336805e-33,64,24.081337302643327,116708
MNAR,0.5,Mean,2,1.3788268695521453,0.992861377477014,0.9920415354479121,0.08527426737033077,0.7771682165161204,0.06835368748292775,6.047515010096772e-33,7.668277487805803e-33,64,24.09214303680247,116753
MCAR-Row,0.1,Mean,0,1.0238997200950144,0.8123012356210986,0.8123012356210983,0.04684957855027385,0.04656249740036353,0.027334172920125306,8.309049561182758e-37,1.1659117138351729e-36,64,0.5142114560503331,23296
MCAR-Row,0.1,Mean,1,1.0143267499832416,0.7969703391271097,0.7969703391271097,0.05433977841406823,0.03442944574752776,0.022433438235128327,3.921820098634689e-37,6.23496311976164e-37,64,0.5307870899027374,23296
MCAR-Row,0.1,Mean,2,0.9852600983627084,0.7803736911468205,0.7803736911468204,0.08374886774337004,0.029627561713006373,0.021035741661815432,2.385524645788922e-37,5.333396080658497e-37,64,0.40380247356131543,23296
MCAR-Row,0.3,Mean,0,1.0120079020512578,0.7935860830642747,0.7935860830642747,0.05063819901906455,0.030478784861705455,0.01909733006133615,3.333776416550203e-36,6.382165230555377e-36,64,1.409792464789325,69952
MCAR-Row,0.3,Mean,1,1.0000455475460823,0.7889741652273087,0.7889741652273087,0.06657668570165795,0.01390758316989893,0.012526512566566495,8.045328248560384e-37,2.2660997520510704e-36,64,1.256557119659087,69952
MCAR-Row,0.3,Mean,2,1.0051451632951496,0.7877878809480019,0.787787880948002,0.052186182564926846,0.02303071777443276,0.016080656267647892,1.4194223344717632e-36,2.868688448194533e-36,64,1.337604100947386,69952
MCAR-Row,0.5,Mean,0,1.0005222919988923,0.7828818958856362,0.7828818958856364,0.06250817462347674,0.03300787225624655,0.026063544873325104,1.985041252227861e-35,4.2291227551360356e-35,64,2.2351683696601268,116608
MCAR-Row,0.5,Mean,1,1.0096219508834134,0.7888184491183604,0.7888184491183603,0.061512830181022105,0.030356909806351147,0.012571712738840982,1.557974815466637e-35,2.920560467792876e-35,64,2.2309194418325644,116608
MCAR-Row,0.5,Mean,2,1.0026556890414975,0.7808957965736628,0.7808957965736629,0.05948588974856923,0.031933839904957934,0.017951911740167237,1.8404307674250412e-35,3.4541155057203726e-35,64,2.359456879337522,116608
MCAR,0.1,kNN,0,0.22205947937342735,0.13475602637938094,0.03658438632729073,0.012080416943322753,0.01794419879458876,0.010432320969622422,0.9491854280159593,0.04512225941817717,64,0.20195847368698575,23524
MCAR,0.1,kNN,1,0.21894481890577602,0.13555504307303692,0.03768085802007662,0.012521150412766857,0.018393511505407627,0.012957695176538551,0.9537732162207284,0.03651649953372248,64,0.20671171833643306,23256
MCAR,0.1,kNN,2,0.21745361873763921,0.13304962544768714,0.036130989421692336,0.014476757742559068,0.01608236889011256,0.012473335810859663,0.953035725183526,0.04871238088519757,64,0.17903452471966133,23365
MCAR,0.3,kNN,0,0.23272595205545007,0.14202444120907462,0.0328601483161339,0.015281728774300724,0.019762491402181052,0.009771349683966842,0.9416793847245801,0.0485968133558102,64,0.5140443191749173,69785
MCAR,0.3,kNN,1,0.23191859526491476,0.1423153808898029,0.034224585428054344,0.013698604445266781,0.02104202643873119,0.011147442821840865,0.9392528444981745,0.04829443250556988,64,0.5525078488621444,70218
MCAR,0.3,kNN,2,0.2299056368711437,0.14094984061008176,0.03136531005752459,0.014633407754105323,0.017462241410002938,0.010420764248148492,0.9448104617366283,0.04394439028841939,64,0.5827174584556175,70184
MCAR,0.5,kNN,0,0.2665117504491076,0.16194149420657367,0.04273102537248516,0.02223958041283693,0.028905686615774126,0.015318183244727621,0.9152055804869773,0.06406434162390098,64,1.1647260437681892,116819
MCAR,0.5,kNN,1,0.26925254741244575,0.16381933335752,0.04425332574977783,0.01871960219166403,0.030157702592071664,0.01284834208205777,0.9120037451375568,0.056846171796805435,64,1.2387611006593882,116827
MCAR,0.5,kNN,2,0.26616948072026947,0.16203548042651625,0.04159595593740462,0.018886809623276546,0.02772086341713438,0.012129773879774857,0.9173045363451542,0.056256068046961455,64,1.2049160458961516,116545
MAR,0.1,kNN,0,0.21081375882533895,0.13202400628255687,0.03518777242854147,0.011413113548276989,0.015023303075402623,0.010949413583408417,0.959321147023834,0.03792088213865927,64,0.1835810012161958,23448
MAR,0.1,kNN,1,0.2151339269167647,0.1335284811299756,0.036805064355151115,0.013345636902647267,0.018479675239161816,0.011919005378000573,0.9548412890958446,0.037102790775112526,64,0.1890326222259192,23263
MAR,0.1,kNN,2,0.21198377013350114,0.13095021481368366,0.03573229566804357,0.016943462544055796,0.016046979745208648,0.012585801221440115,0.9520819802493227,0.05749224801804545,64,0.1728192188622636,23447
MAR,0.3,kNN,0,0.22851114457106841,0.14129470969713254,0.03276968969714975,0.01607827911974049,0.02039239175623265,0.010930161938089534,0.9446259843309935,0.05176126691616907,64,0.5289920476363658,69778
MAR,0.3,kNN,1,0.2293312013059791,0.1425297947052719,0.03381815980563234,0.014082573400509306,0.020470685929212945,0.011547431645422823,0.9411299987878954,0.049465167427206275,64,0.5887416906716249,70272
MAR,0.3,kNN,2,0.227122340887861,0.14122384770477595,0.031564147791310164,0.01424595662567749,0.01762810227694918,0.009482432572346019,0.9472243531729299,0.04602960576585891,64,0.6045745730881484,70139
MAR,0.5,kNN,0,0.2717869732629987,0.16632610416544039,0.044687777758361386,0.02276359614527361,0.029276709268109477,0.014901217790442926,0.9086334863113006,0.0651763430790123,64,1.2468296378629895,116757
MAR,0.5,kNN,1,0.27679384638532195,0.16946936210696886,0.046855316829155745,0.020977261405186066,0.03172819478797963,0.014148113372341063,0.9028472660904742,0.061824423496201146,64,1.3560004771566219,116844
MAR,0.5,kNN,2,0.27240628686647,0.16741803448820528,0.04515512169822744,0.02132861318030919,0.0290141634060032,0.013653365325195399,0.9099229830053929,0.061466400947867254,64,1.3255717331048233,116538
MNAR,0.1,kNN,0,0.33106410029515937,0.20353355268662932,0.11046125265629486,0.08161583622160982,0.10515211919247884,0.08180811000654702,0.9165342759806121,0.09263795508098115,64,0.37793072586881216,23265
MNAR,0.1,kNN,1,0.33374360846638573,0.20698620534554021,0.1131813472657135,0.07142441560081164,0.10816503770733418,0.07052537412246088,0.9135605441643795,0.09187022296231585,64,0.40879061496625163,23421
MNAR,0.1,kNN,2,0.3261233419038774,0.20091534830859387,0.10893139017372003,0.08336982340277733,0.10394192265050446,0.08271670011492291,0.9188956484117914,0.09017486362330752,64,0.35618614490647205,23345
MNAR,0.3,kNN,0,0.474723931307091,0.28282219312051093,0.1940088111386168,0.08000080908846531,0.1916405545032012,0.07971590458093639,0.7337820381152067,0.13744386912307124,64,1.5677849930381322,69927
MNAR,0.3,kNN,1,0.46112961184318635,0.28001619940830397,0.1890291722635304,0.06892247846607659,0.18633392444162544,0.06868423014406952,0.741214148203456,0.1195150627319254,64,1.4670967418865837,70249
MNAR,0.3,kNN,2,0.4676567509367153,0.28097775867447433,0.18923733010368465,0.07128036325377576,0.1861649806559885,0.0709958073596732,0.7421184373574725,0.12922969520703884,64,1.4756251088890915,69962
MNAR,0.5,kNN,0,0.6297223068291624,0.37533338301125285,0.2742860968475199,0.06795204387257904,0.27085168112101676,0.0676032828273583,0.5305007296676805,0.1421140554291315,64,3.254471938774235,116682
MNAR,0.5,kNN,1,0.620421181967944,0.37154235966990146,0.268362789267793,0.06379835070982005,0.2647801472037582,0.06356464448884144,0.5401839274322545,0.1401740934374964,64,3.3221713815582934,116708
MNAR,0.5,kNN,2,0.6254388748169433,0.37248149808595304,0.27160483717574024,0.05971909750316445,0.2673352182103603,0.05908904121389432,0.5345263312940634,0.13929161008514457,64,3.31082319538559,116753
MCAR-Row,0.1,kNN,0,0.46119504354699725,0.287928921030486,0.10698051231758102,0.038211495660444766,0.030714876126118368,0.019712019826042405,0.8190680675566775,0.07143285158332141,64,0.30026787466060495,23296
MCAR-Row,0.1,kNN,1,0.4268601832072161,0.2673105007561624,0.08404106774458359,0.033940997764715056,0.01793955803328832,0.012381443421965857,0.8357319887269179,0.07686258338593797,64,0.33505772089492153,23296
MCAR-Row,0.1,kNN,2,0.4168592204324973,0.2597133411917753,0.08126207980322796,0.03411457045837401,0.02252490993031158,0.01575039967469685,0.837344270992724,0.06838744809445317,64,0.3154282032428863,23296
MCAR-Row,0.3,kNN,0,0.44171481315976885,0.27610132623935935,0.08745887410472133,0.036721515305065094,0.015105607051717833,0.012381092847151012,0.8186082360136573,0.0733314324504695,64,0.9287551712696788,69952
MCAR-Row,0.3,kNN,1,0.4466351482554616,0.2829608521652681,0.08637166919850765,0.0405711655804251,0.012190865402888554,0.010726627603067853,0.8418471712656572,0.08673294439435117,64,1.0047617111740905,69952
MCAR-Row,0.3,kNN,2,0.45353591715006647,0.2838901967599089,0.07978201939485471,0.03535902121462516,0.010225953125461523,0.008296632271221653,0.8343536479093048,0.06933011199114397,64,1.0185669257923746,69952
MCAR-Row,0.5,kNN,0,0.48476063172757544,0.3095863903988836,0.0880028977948622,0.03973348294770419,0.026827270761286128,0.017619358579482675,0.8017997970544704,0.0786872627990603,64,1.9399342855449386,116608
MCAR-Row,0.5,kNN,1,0.47983159617374677,0.3065483230800185,0.0961601536097453,0.04414210526279261,0.02280038840878829,0.014146121998851026,0.7894668688165293,0.08683127899196784,64,1.7894604178449327,116608
MCAR-Row,0.5,kNN,2,0.4947683315325008,0.3145034578672783,0.08631042653709073,0.042860787612451136,0.01060259769586336,0.007405725149194731,0.8258585435885843,0.09022144270121911,64,2.1685584490414582,116608
MCAR,0.1,GRAPE,0,0.22081320561922466,0.1471295683394495,0.06225140397991599,0.018709118897495474,0.0534833348882548,0.022074156978389017,0.9508140043713464,0.06081949469166675,64,0.22631972583213042,23524
MCAR,0.1,GRAPE,1,0.2103653185542477,0.14564312462706863,0.06479909095919131,0.020760871070851457,0.0371351650947576,0.028481128143566754,0.9340940816757815,0.030522153134501556,64,0.25412427814811417,23256
MCAR,0.1,GRAPE,2,0.38730697799042485,0.26623708529286505,0.13198464418186426,0.03332423695531355,0.10865566126079904,0.030290396411677262,0.8234731754002795,0.08825909244360795,64,0.697297258019556,23365
MCAR,0.3,GRAPE,0,0.22636326931281528,0.14774236884026168,0.04723303308226601,0.017514243261824713,0.017190494825985034,0.01585638193399576,0.915206325941341,0.04791545624816758,64,0.5928362596876027,69785
MCAR,0.3,GRAPE,1,0.21229716544673252,0.137713122912027,0.03480740187707362,0.015443257877603173,0.013245188389970092,0.010774323502169655,0.9673389033556304,0.0523279754928657,64,0.714029997997826,70218
MCAR,0.3,GRAPE,2,0.22153327759672872,0.14457940540045766,0.040887614097068245,0.017421448003851647,0.025346584103063338,0.014032839321903577,0.9868078531452845,0.039357806169266894,64,0.9471307538009776,70184
MCAR,0.5,GRAPE,0,0.23861476335115436,0.1624684614038882,0.06667973941657693,0.021391026946760434,0.037641205019114186,0.027160388724481774,0.9095620310254269,0.048874259748440146,64,1.2615514684824072,116819
MCAR,0.5,GRAPE,1,0.2349475292860882,0.15357770924237804,0.043381604763376644,0.0168302954572147,0.016921991101483562,0.016056435474977288,0.9201391186555953,0.04733857420373581,64,1.1649132485969091,116827
MCAR,0.5,GRAPE,2,0.239626329591704,0.15405528260612916,0.04267254139129123,0.024541696621094653,0.02605527849329522,0.024442729986299233,0.9779979649462087,0.03919132200840742,64,1.5804221528069449,116545
MAR,0.1,GRAPE,0,0.22249173026775604,0.1452611487098322,0.04616761047030877,0.01672672325664141,0.020000587582334865,0.01376204350277059,0.9615708713587963,0.05150260050214614,64,0.33298518894647494,23448
MAR,0.1,GRAPE,1,0.2269382964560222,0.14760862700718155,0.051559084567321736,0.015951642013210452,0.021171571556190327,0.013246147728391158,0.9320345664216961,0.03510916404337777,64,0.23189855572513582,23263
MAR,0.1,GRAPE,2,0.22111270941541877,0.14418374540743167,0.052177739078713425,0.015903170678921972,0.027115313378894324,0.01633029955891787,0.9416710756375748,0.048343035046105154,64,0.2685502471314414,23447
MAR,0.3,GRAPE,0,0.2233094211309338,0.14860008439738429,0.053866191286710656,0.02689192144513838,0.033750760415010815,0.02622863602974763,0.9584405828344508,0.04621835864796791,64,0.7805325505912626,69778
MAR,0.3,GRAPE,1,0.21382026836171916,0.14738545286257682,0.06563615505986992,0.026548000231362074,0.052522637592169706,0.028933786153092885,0.9490404324950269,0.05397360805471401,64,0.5999428067165926,70272
MAR,0.3,GRAPE,2,0.22520148321765837,0.1498611169818592,0.05866287804765134,0.033356898438665274,0.049521635298281144,0.03699623518183449,0.945501415300593,0.054723906694733884,64,0.6895288949944457,70139
MAR,0.5,GRAPE,0,0.23173884066212855,0.15066018134042272,0.03996660160414789,0.0176880056991057,0.01933184998050116,0.01230987657701316,0.9379693077955115,0.04673514417253631,64,1.148298816431302,116757
MAR,0.5,GRAPE,1,0.24096919626249247,0.15615118132718572,0.04656416159330681,0.018526183933340046,0.030670349645376467,0.015547076079333297,0.9050712248719012,0.04880844111347346,64,1.2377960519313937,116844
MAR,0.5,GRAPE,2,0.24762582714990075,0.16903203301688677,0.07437165497204007,0.033242473064703945,0.05765783655063334,0.04074724990070151,0.9249220836717482,0.04449614711188528,64,1.0656478208803322,116538
MNAR,0.1,GRAPE,0,0.276471275764121,0.18650023896038423,0.07454466090044166,0.06129894567061863,0.03747239234680881,0.05722075737664713,0.9503001875841588,0.09199374165802349,64,0.33173024706040233,23265
MNAR,0.1,GRAPE,1,0.3039602338579746,0.2030776977628471,0.11836965137312508,0.07074654497022306,0.10643953270183559,0.06655858916934478,0.9111849305400938,0.09479455562438704,64,0.33067951445968313,23421
MNAR,0.1,GRAPE,2,0.2734968902428576,0.1841061039728685,0.0794223023985253,0.0739000822266765,0.031742420198725786,0.06994243387787664,0.9426418099440831,0.09854877647570931,64,0.30182458766153974,23345
MNAR,0.3,GRAPE,0,0.3117983672039088,0.2022071786164578,0.1252493837687515,0.054289626365538815,0.12131742658460738,0.052408035240166816,0.876629708477715,0.09572763247255243,64,0.8280552136699522,69927
MNAR,0.3,GRAPE,1,0.3319675932859605,0.21452488938194186,0.12335214179547788,0.057356543944985634,0.11481435890450892,0.06043043285040607,0.8824735493700808,0.10449566047064626,64,0.9177627643233481,70249
MNAR,0.3,GRAPE,2,0.2857183306773404,0.1854841800461995,0.07069864448643312,0.051765733781782286,0.039795768330511565,0.05257736262249069,0.9176025581794902,0.0937220530878369,64,0.8115362997943734,69962
MNAR,0.5,GRAPE,0,0.3580141056100461,0.21880422835268415,0.10947460483530416,0.05813747958024691,0.0911323696895289,0.058370992413390804,0.8301273026903089,0.12647207691520648,64,1.362675154363082,116682
MNAR,0.5,GRAPE,1,0.34806796186550676,0.21703908158871626,0.09842862039792746,0.05698446960756227,0.05759618266892867,0.05288013664503952,0.8376637639865651,0.13354893811138457,64,1.6384716931380447,116708
MNAR,0.5,GRAPE,2,0.3514852139495085,0.2162096820828976,0.11048686625982254,0.048477039516657404,0.09336782540709093,0.04901027611154571,0.8162443407044214,0.11599470021293959,64,1.5376905789206328,116753
MCAR-Row,0.1,GRAPE,0,1.7408701585142012,1.4513506865250585,1.2407869204373143,0.5710634347223003,1.0341223096693766,0.7407971535957866,0.5098216577929943,0.5875833750545386,64,2.8635527841725557,23296
MCAR-Row,0.1,GRAPE,1,1.212604253016019,0.8382960070662991,0.6363998841833136,0.27368711030419424,0.5920576031878169,0.31068383102809694,0.4264155186856906,0.37651428846732465,64,3.277312567108054,23296
MCAR-Row,0.1,GRAPE,2,1.1037450806130324,0.8366674869257538,0.5625140609637547,0.2828919040477774,0.3280870759821749,0.3462068114012866,0.37913729813537655,0.3929414868899512,64,2.5526657017071326,23296
MCAR-Row,0.3,GRAPE,0,2.1145697912470065,1.7232837516197805,1.5639557721276132,0.8890061017371986,1.429418325319351,1.0199432925755438,0.37121332551830877,0.1898442641766795,64,11.395477579346247,69952
MCAR-Row,0.3,GRAPE,1,1.1772024445463203,0.8420657165560255,0.5480556914176242,0.23116240166588412,0.30150489311367845,0.30561057528305446,0.30910727061916393,0.3622354956340165,64,5.01755628322306,69952
MCAR-Row,0.3,GRAPE,2,1.5644867434703815,1.2055077916198913,0.9270261701247795,0.5279782557800813,0.6869196730196938,0.6837848150088044,0.33936369598536115,0.46838724439707363,64,8.273073133032948,69952
MCAR-Row,0.5,GRAPE,0,1.830304491428444,1.5093074948695515,1.326590943553771,0.5075791845998766,1.2018034447863606,0.616787486329468,0.60503778640532,0.5587174220001658,64,13.715616339313579,116608
MCAR-Row,0.5,GRAPE,1,1.3648363409730107,0.974050590530707,0.8135003705628708,0.39131523077031577,0.7230065970028084,0.4715838792288302,0.23709228393043924,0.26657685276426524,64,14.811081615235038,116608
MCAR-Row,0.5,GRAPE,2,1.342873741929861,1.0826526432504913,0.8854747145994301,0.36790076576628616,0.6854174956368786,0.5260614349719521,0.3100207817178857,0.2677253642124912,64,8.421633731281727,116608
MCAR,0.1,MICE,0,0.18689708091834378,0.11453869936964971,0.03205521998653724,0.014427833250571854,0.007538309009710808,0.0061834515869583035,0.9709005605881267,0.04021373291230111,64,0.16024666013868946,23524
MCAR,0.1,MICE,1,0.18894990957576163,0.11524892868811093,0.032109214917273976,0.01525142617869966,0.007971438805838383,0.009099381275418518,0.9751549698122799,0.027954262018504546,64,0.17317162097377767,23256
MCAR,0.1,MICE,2,0.1886634719123316,0.11575106635031943,0.033171156508121226,0.013036218295975557,0.008256242985975779,0.0059372432537142875,0.9749906963295145,0.03657205919455197,64,0.14383346283636642,23365
MCAR,0.1,SoftImpute,0,0.21753648065955125,0.13963961390238386,0.08127066651033985,0.04310318516117509,0.007454156417450737,0.005875113139232083,0.8236522009685853,0.08676783057672108,64,0.3609559868589794,23524
MCAR,0.1,SoftImpute,1,0.2155798421894115,0.1405183441843224,0.0815152641041251,0.04232030701922386,0.008088548656741287,0.00784687887303871,0.826425757553903,0.08093380759655419,64,0.364567232819002,23256
MCAR,0.1,SoftImpute,2,0.2161609450841326,0.14034348302812202,0.08255036471123531,0.04507981895650682,0.008536435058924003,0.0059255573875626215,0.8281522116799463,0.09017275933832047,64,0.3317451324918479,23365
MCAR,0.1,HyperImpute,0,0.18503635254235423,0.11332007876949922,0.03139541300786029,0.014023736559653558,0.007466272748149181,0.0058562257960910235,0.9698478526164915,0.03880656584264895,64,0.15559128573389416,23524
MCAR,0.1,HyperImpute,1,0.18926818777205287,0.115203930262894,0.03168121774384381,0.01494906360447167,0.007990504686508009,0.00915372002333069,0.9750619475129357,0.02633192439645325,64,0.17096239320459466,23256
MCAR,0.1,HyperImpute,2,0.18892230336381324,0.11575003536402569,0.032839883361874184,0.012830778405094173,0.008261141172582823,0.005909620811903701,0.975056984030799,0.03551702740871951,64,0.14215930816204136,23365
MCAR,0.1,DiffPuter,0,0.20137398503573528,0.1229131790115511,0.04093369722232841,0.012323490968710049,0.024184961156220763,0.017576685298562704,0.9752533948448161,0.04046783272019979,64,0.17200450202980846,23524
MCAR,0.1,DiffPuter,1,0.21476272765641868,0.13147462616273992,0.045229378270822976,0.018671745887837075,0.025513190392628025,0.024558734109246638,0.9992026132677291,0.04881511113430612,64,0.20405812648383712,23256
MCAR,0.1,DiffPuter,2,0.20733917742712465,0.12694448911230405,0.04108312504116281,0.012568009391444363,0.02347403624434643,0.01916835199822208,1.0075428935450397,0.04833373870766499,64,0.1591741918362257,23365
MCAR,0.3,MICE,0,0.245753241617113,0.1548465999560076,0.04976175040802602,0.01846858165278886,0.006917760464220925,0.007354522038673784,0.9080031974354374,0.04111922950952203,64,0.3758892287844027,69785
MCAR,0.3,MICE,1,0.2517317709123854,0.15729694931477264,0.050811543419565355,0.01802571901011855,0.006548008711019313,0.006475418340669634,0.9053738617030935,0.03517421304372217,64,0.3523218553715548,70218
MCAR,0.3,MICE,2,0.24543240540006162,0.15498157329560666,0.0506292274400799,0.01879562634539905,0.0066597951353215765,0.005450550408004023,0.9100261936165879,0.03482757939690896,64,0.38280781181381646,70184
MCAR,0.3,SoftImpute,0,0.2539106617862532,0.16544154337547523,0.09797062881578411,0.051359193522128095,0.005440679013234622,0.004450729244075701,0.783772073878954,0.09424863437295702,64,1.2055520441603833,69785
MCAR,0.3,SoftImpute,1,0.2563442506184986,0.16641550818679882,0.09854163154428439,0.04973502291127477,0.0049268652838901405,0.004455838721509313,0.782045039781964,0.092048440559871,64,1.2727471651329665,70218
MCAR,0.3,SoftImpute,2,0.2555151166427827,0.16635420478826615,0.09947899692736042,0.05185193340239308,0.005342978472543043,0.005470618635974927,0.783501743338697,0.09404152674501487,64,1.2344620070375758,70184
MCAR,0.3,HyperImpute,0,0.23489298012852755,0.14823305709320592,0.029978597436263167,0.013888764150082292,0.006881397925321301,0.00699575858446609,0.9680176666644975,0.032983762599193785,64,0.3075471370692678,69785
MCAR,0.3,HyperImpute,1,0.239026808759236,0.15060471992789276,0.03013317270791968,0.012536413411621029,0.006980446548444365,0.006601623876337249,0.96513471186145,0.031812972386594814,64,0.31619862867644305,70218
MCAR,0.3,HyperImpute,2,0.2441724541489491,0.15514446828687864,0.03096356788098522,0.012666934494217994,0.006726061396454686,0.005935066394157476,0.974782078685865,0.023591775153960288,64,0.3002567015738136,70184
MCAR,0.3,DiffPuter,0,0.22380042220973184,0.1344825512029016,0.03453820069864397,0.01441461170081521,0.021177869464646015,0.01836318147319489,0.9755683395815369,0.052296239205283174,64,0.42151684394024497,69785
MCAR,0.3,DiffPuter,1,0.23093388931049377,0.13881481696910458,0.03977174546639841,0.017637352706444617,0.02700304664443865,0.02242312079432265,0.9796962948324588,0.0506710097361517,64,0.5141071600305576,70218
MCAR,0.3,DiffPuter,2,0.22974206458231713,0.13921779855717717,0.036664764160601,0.010707975357185342,0.02076570523593258,0.014640768359685958,0.9808506885998085,0.04180463678167249,64,0.47394673180877833,70184
MCAR,0.5,MICE,0,0.34465731235741176,0.22494705233041568,0.11124010753955307,0.043634665805452805,0.007996280317863355,0.007259598719688229,0.7794026037177209,0.07561233845343503,64,0.9573683062274567,116819
MCAR,0.5,MICE,1,0.3525590544318806,0.23094479336810397,0.11575057883169722,0.04401609900592583,0.009809888284192287,0.007930200745164621,0.7710991215689529,0.07011002895085718,64,1.0267911885024859,116827
MCAR,0.5,MICE,2,0.33919002311967733,0.22226321424634377,0.1102139684176312,0.04112053005044582,0.008472098501782177,0.0071215737382818506,0.7792148808944609,0.07068065877546524,64,0.991214438434258,116545
MCAR,0.5,SoftImpute,0,0.317137438870845,0.20867873531476455,0.1305030973937049,0.06254762741992233,0.003999462671264981,0.0037648574844211372,0.7146814626750286,0.10629734288435097,64,2.6827088867626974,116819
MCAR,0.5,SoftImpute,1,0.3202249363716476,0.2102150361680636,0.1309940237567903,0.06306227357324078,0.006311958355078019,0.005123302939001792,0.7127465073093138,0.10741560262909851,64,2.7883061187594365,116827
MCAR,0.5,SoftImpute,2,0.31518482061380965,0.20836844443832248,0.12934632357917292,0.06256168087755903,0.005261999102884859,0.0036174078147192495,0.7168444199533771,0.1048800322464525,64,2.6139228516655826,116545
MCAR,0.5,HyperImpute,0,0.2645324487702925,0.16845638868509746,0.0376245165546155,0.016469789352424775,0.008300876381149026,0.007918156817498216,0.9414953440719658,0.036563781057629814,64,0.6303847916403533,116819
MCAR,0.5,HyperImpute,1,0.2582351470646968,0.1636806388739302,0.03970076574454878,0.018313673715270557,0.01002839397902889,0.007643291055358453,0.9266813926444633,0.041350823591619706,64,0.7736496356622423,116827
MCAR,0.5,HyperImpute,2,0.25633606799725234,0.16218198113831786,0.038397202698195604,0.017537192678376154,0.008349695128607566,0.0071827529852587935,0.9308161807128943,0.03786044030075428,64,0.6994461612732058,116545
MCAR,0.5,DiffPuter,0,0.29211100447580785,0.1739685834572577,0.05422016110188344,0.02508548259030335,0.03970429842311884,0.0318011265115363,0.9364376514056225,0.09921308612413395,64,1.485522291112975,116819
MCAR,0.5,DiffPuter,1,0.30371973194631396,0.17975939157245835,0.057975881599684,0.028200840440345633,0.040345711491792086,0.035298597651558024,0.9243480237034241,0.12261146559834808,64,1.4572312007107469,116827
MCAR,0.5,DiffPuter,2,0.2993756926051699,0.17814626110763457,0.05828951723146704,0.027455838392305337,0.03906524979099003,0.03244153889440577,0.929256120554147,0.10298652476861858,64,1.678194723903286,116545
MAR,0.1,MICE,0,0.1880725875353311,0.11551654052152212,0.032792761576930354,0.014881438729123259,0.007696686767577589,0.006822216240257145,0.9722822650089125,0.0376694709086898,64,0.16103861747056986,23448
MAR,0.1,MICE,1,0.19207015237820796,0.11674866891773354,0.03298636147576044,0.015456569669791215,0.007928049733742868,0.008100472676811962,0.9693086943116856,0.027113028096533844,64,0.16334662564236413,23263
MAR,0.1,MICE,2,0.18863834463604273,0.1154568328755457,0.0334903929904766,0.014212951946378954,0.00864323814221015,0.006349575596640963,0.9703361415327044,0.044290520365394104,64,0.14135062817449598,23447
MAR,0.1,SoftImpute,0,0.21804101966633446,0.14072559440943916,0.08224792066966227,0.0438518480967227,0.008179828212387968,0.006194579291044155,0.8231444012442726,0.08706344881192342,64,0.36830893125613307,23448
MAR,0.1,SoftImpute,1,0.22034324894012053,0.14290775751400922,0.08417153934040086,0.04348018158852361,0.008919176208017632,0.007637987995814985,0.8195066285381543,0.08285802740892921,64,0.36744525023149477,23263
MAR,0.1,SoftImpute,2,0.21938811646797898,0.14112310756343405,0.08410022263971915,0.047180666187614816,0.00854112470458341,0.005902709393176996,0.8221131263241085,0.09239890486526854,64,0.3488916818245758,23447
MAR,0.1,HyperImpute,0,0.18679674108772937,0.11483534869899562,0.032228221814991256,0.014434485576997677,0.007617064008489564,0.006615112003889599,0.9737983314987109,0.03726972080560838,64,0.15905344088898352,23448
MAR,0.1,HyperImpute,1,0.19226684947502726,0.1166629954784518,0.03253065995254705,0.015210071542805608,0.007989506942534651,0.007968668726273833,0.9688870955584369,0.026415085210356435,64,0.16081272609653202,23263
MAR,0.1,HyperImpute,2,0.18798661168330244,0.11485076598061124,0.0328770412992396,0.013779547637807385,0.008422584025094796,0.006131985073535738,0.971397487499218,0.04335810650318252,64,0.13967021036912758,23447
MAR,0.1,DiffPuter,0,0.20204388088336395,0.1227683708700255,0.04057538105884833,0.011522298777608256,0.02399404840579114,0.015911120059594323,0.9807549759261918,0.040352290362317085,64,0.15932553730669555,23448
MAR,0.1,DiffPuter,1,0.21817273536843382,0.13222188546552496,0.04452262921442599,0.018742997865155892,0.025601513835613775,0.0245516529501314,0.995494144506221,0.04953924366490226,64,0.19256767410601877,23263
MAR,0.1,DiffPuter,2,0.2088771596839122,0.12678977382757348,0.04002746533515643,0.013335788675423114,0.023130279408338922,0.018913607024733967,1.0060475885974132,0.05115915171312148,64,0.15662244372365566,23447
MAR,0.3,MICE,0,0.2601792668255602,0.16512610476430947,0.05075497076139161,0.01748709041586173,0.008737132001821253,0.009186027295534863,0.9158921655645089,0.038028417241797285,64,0.35176903618227945,69778
MAR,0.3,MICE,1,0.2661379814300572,0.16699606430379962,0.05140124286385434,0.017669521396084773,0.006827635506211825,0.006902757883819352,0.912137999484562,0.03478188418740204,64,0.3653147385431558,70272
MAR,0.3,MICE,2,0.25987206190257994,0.16486873440942865,0.05135137127868078,0.01791287076513573,0.008033593165160896,0.005277092188459168,0.9171102813206181,0.03358619412925417,64,0.3394482376403479,70139
MAR,0.3,SoftImpute,0,0.261733404796802,0.16979377246930483,0.10199189968576512,0.053091343477589995,0.0067530902906949705,0.005892498650858096,0.7752090176969991,0.09680562911950236,64,1.2527728316963471,69778
MAR,0.3,SoftImpute,1,0.2667218045794643,0.1721894598695184,0.10373463783050182,0.05200730568888775,0.006059990567638499,0.005362208054293687,0.7719064661878583,0.09582945451717402,64,1.388176949620876,70272
MAR,0.3,SoftImpute,2,0.2621069404255754,0.17111832109119882,0.10343732329322483,0.054161927610992186,0.005350326546716655,0.00491778644029075,0.775828366050276,0.09633209446142538,64,1.2878292487391791,70139
MAR,0.3,HyperImpute,0,0.24232041538897553,0.15241837325349644,0.03070472489561497,0.013066887365250869,0.008452304315452863,0.009105214363229036,0.9688750608730006,0.03310966136865622,64,0.3207135648537651,69778
MAR,0.3,HyperImpute,1,0.242429948318746,0.15153601738358072,0.03118291263278883,0.013921624083481857,0.006612376733441849,0.006491038405270389,0.9631713306303862,0.02944701184059267,64,0.36242160435690607,70272
MAR,0.3,HyperImpute,2,0.23960079616850005,0.1516751889683505,0.031882904840715806,0.013299496524955948,0.006731945533262828,0.004951162625091199,0.9665972821360238,0.0275156649143495,64,0.3415571480600924,70139
MAR,0.3,DiffPuter,0,0.224440279783546,0.13509460776437815,0.03527456230487108,0.014812300993861076,0.02182116714194894,0.019280598829217333,0.9693224811103753,0.05036517927840744,64,0.43096664592397377,69778
MAR,0.3,DiffPuter,1,0.2342398887446023,0.14204389618864163,0.042231681952959364,0.017229954189476607,0.028015175645046263,0.02245726306055053,0.9711632115000368,0.05614913565836888,64,0.5222222134449549,70272
MAR,0.3,DiffPuter,2,0.23190552355881114,0.14001764636589098,0.03897680290647251,0.013656093591895232,0.023998422087820513,0.017382453696728053,0.9755403357675074,0.049946281613615695,64,0.49352478944885037,70139
MAR,0.5,MICE,0,0.35164618919916835,0.22840408722456867,0.1097225799606236,0.03793923601728263,0.009983760147472813,0.008938653998415121,0.7867634402908529,0.05896515577112841,64,0.8392110582437301,116757
MAR,0.5,MICE,1,0.35617706372756824,0.23114895438029787,0.11309981132640262,0.03960938687838682,0.009225345131412818,0.006790404849265229,0.7802583426524632,0.06204068667659078,64,0.8556635678370522,116844
MAR,0.5,MICE,2,0.3493915801564529,0.22824235496934395,0.10951854715002238,0.037929643732230345,0.009102493962963375,0.008338702203314494,0.7873322200874944,0.06130560921127792,64,0.8269762789073737,116538
MAR,0.5,SoftImpute,0,0.32943805649269087,0.2164920059453471,0.13716747577016866,0.06548565226616561,0.005389331149795331,0.004597050333173639,0.7032544935651351,0.10824341848075998,64,2.7283090207297414,116757
MAR,0.5,SoftImpute,1,0.3327752169416438,0.21841468852189974,0.138592029749189,0.06614076020843847,0.005475376254308607,0.004750594886132316,0.6993728248892177,0.10989901310474011,64,2.8522803571799464,116844
MAR,0.5,SoftImpute,2,0.3281585863351346,0.2167480755435145,0.13673712158072382,0.0666046493758861,0.005424923405596176,0.0044741698577169114,0.7054370874809379,0.10978935519007837,64,2.699516564505876,116538
MAR,0.5,HyperImpute,0,0.2705289350337587,0.17146814720560835,0.040918701968245846,0.017729153000659803,0.009216306788415563,0.00786394436656721,0.9319656597865904,0.03879848685794667,64,0.7014439662285743,116757
MAR,0.5,HyperImpute,1,0.2737086703980034,0.17381195054963025,0.04193264724072269,0.01706506168834413,0.01054552794743063,0.008372314446504004,0.9290178516180061,0.038129925112107096,64,0.7827971701474429,116844
MAR,0.5,HyperImpute,2,0.2652152513890751,0.16701279608788144,0.04145569160074264,0.019897710807293405,0.008747128326796682,0.007785030493435863,0.9265795217168706,0.0439955931266223,64,0.778321568708506,116538
MAR,0.5,DiffPuter,0,0.30085138440967885,0.17801767987551684,0.05762743583929553,0.028660711347135097,0.04274959374020601,0.03493794072318833,0.9201958511222311,0.10415622053515207,64,1.6100738698560162,116757
MAR,0.5,DiffPuter,1,0.29945803508637336,0.17901988528677454,0.0562429865049512,0.02481622398818809,0.03936448215290031,0.030680234878470464,0.9177252228544038,0.10402782065943186,64,1.544662306253471,116844
MAR,0.5,DiffPuter,2,0.3047653364299583,0.1813705763810006,0.057278339301140443,0.027228008471202294,0.03644306080483952,0.03234375166676017,0.927944625188435,0.09447519695632357,64,1.776770219814571,116538
MNAR,0.1,MICE,0,0.33912552884053676,0.2056300006349406,0.10349220676028278,0.07639681793526663,0.0885251832576688,0.07787384402140468,0.9230464663874289,0.09994148249715214,64,0.46602913178348754,23265
MNAR,0.1,MICE,1,0.32798049330028706,0.20063230851398545,0.09795143719253722,0.06759764666952094,0.08220841620688277,0.06843634559115651,0.9217889945885466,0.09117613775282465,64,0.4235546381269231,23421
MNAR,0.1,MICE,2,0.3261253810749094,0.19896315165194978,0.09971185676842292,0.07181314497863446,0.08520019493015646,0.07492664096614843,0.9265995322269334,0.08902131091959034,64,0.3860131143952694,23345
MNAR,0.1,SoftImpute,0,0.4972866409779291,0.32741320699943305,0.2775694955278899,0.10519807426439817,0.2526519349699398,0.09867017334783029,0.6687421852746617,0.10645621025968849,64,1.3249635991989457,23265
MNAR,0.1,SoftImpute,1,0.49117002229607426,0.3267398906513993,0.2771409260590051,0.10130101397421484,0.25082599309513154,0.09208439805688828,0.6663674413916769,0.10694219397046088,64,1.31966908874527,23421
MNAR,0.1,SoftImpute,2,0.4844536843124936,0.3226309272924067,0.2745155316090584,0.10340044499806002,0.24917024087826511,0.09837946135292118,0.6741884231777691,0.10109529071928894,64,1.2001498607093333,23345
MNAR,0.1,HyperImpute,0,0.3395525785182745,0.20412019821229516,0.10653463073460473,0.07116473519642029,0.09662976927371966,0.07086310541550654,0.9166693408669806,0.08890891038247854,64,0.42483914564892483,23265
MNAR,0.1,HyperImpute,1,0.3099069967058629,0.19053490269913972,0.09126725836271789,0.0663500293732103,0.07902420409811246,0.06622872518336949,0.9261010457178735,0.08452243403156078,64,0.3723115524378697,23421
MNAR,0.1,HyperImpute,2,0.2905122076495445,0.18218905503113922,0.08161362094581448,0.07054950979430302,0.06861884272058033,0.07261324765066157,0.9439066838651573,0.08223988902444564,64,0.33502355511080567,23345
MNAR,0.1,DiffPuter,0,0.38207086973689786,0.23609252892669783,0.12163105784209634,0.10384416202783867,0.10850947125824853,0.11017224113406213,0.9163065403177988,0.12521920713173307,64,0.6329186287432879,23265
MNAR,0.1,DiffPuter,1,0.42540829322185464,0.2616794581330164,0.15377123719970848,0.1288093555501749,0.14268809628844129,0.13368357412095316,0.8770617304250654,0.13798225003923667,64,0.6535413758228868,23421
MNAR,0.1,DiffPuter,2,0.4326668050420618,0.2597312401960291,0.14968981429315514,0.1431273406750146,0.13588285606068928,0.14950203456408512,0.8827467734539616,0.14748437214231683,64,0.7437176894312908,23345
MNAR,0.3,MICE,0,0.6834992809881201,0.4139672092869996,0.3126212949104601,0.07727939820744532,0.30480214982723314,0.07715160767227067,0.570019147225947,0.12092296970460878,64,2.2929903876933624,69927
MNAR,0.3,MICE,1,0.6861900456129412,0.4199780751258621,0.3185408052629073,0.06787582892031557,0.30985419029974004,0.06776562615109823,0.5616512791677233,0.10630026115890948,64,2.2669889828196683,70249
MNAR,0.3,MICE,2,0.6585476676578025,0.402402137250813,0.30212855754886664,0.06405111978484113,0.29266105441238655,0.06350535549932022,0.5791506656500015,0.10444715732079389,64,2.1709698976922716,69962
MNAR,0.3,SoftImpute,0,0.6840433606635602,0.4368272560319534,0.3790400924057028,0.06618790876519738,0.3403737719008411,0.05576140142920044,0.4433340084817373,0.08821006829159529,64,4.283483090185504,69927
MNAR,0.3,SoftImpute,1,0.6774091823362489,0.4353301162330993,0.37431804276660263,0.06420203317516797,0.3364657385154804,0.05281476328381936,0.4477754854075337,0.08358801852006183,64,4.3829462195017586,70249
MNAR,0.3,SoftImpute,2,0.6700636881356506,0.42984349687669987,0.36946733755069583,0.06421189240631203,0.3307406078497125,0.05203686704705286,0.4535747932044787,0.08566583431029402,64,4.274444999832344,69962
MNAR,0.3,HyperImpute,0,0.37935202780449484,0.24343397171679365,0.11780042405020752,0.06106351660655826,0.11235283762977655,0.06084089781288529,0.8386033964855255,0.10518598251251972,64,1.0193545502192647,69927
MNAR,0.3,HyperImpute,1,0.3766265579922775,0.24312822896129832,0.11811667678575805,0.05311963790817731,0.11188475656634768,0.05379762261174332,0.8342135222726523,0.09131883028874571,64,1.053329901182341,70249
MNAR,0.3,HyperImpute,2,0.37834657669849553,0.24366421553740597,0.1156510006493867,0.05376178235097326,0.10952254616121895,0.053539934252920474,0.8406980450898686,0.0921838391155821,64,0.9685411010656201,69962
MNAR,0.3,DiffPuter,0,0.986296932627369,0.588885973544876,0.5070506516256994,0.2395409867658317,0.5016834072898084,0.24388426867240204,0.4061092599002153,0.24793086579557067,64,7.351064826406375,69927
MNAR,0.3,DiffPuter,1,0.9738829438101022,0.5842858095595381,0.5034741295063382,0.2358389828614534,0.5010971420371502,0.2368914171881706,0.4011329771499106,0.24272187183718183,64,7.008441041220101,70249
MNAR,0.3,DiffPuter,2,0.9261233910217858,0.549743532190702,0.4603129923527106,0.2149089290945831,0.45476200436627734,0.2182253016029639,0.4224111262554162,0.2201801477490508,64,6.134664890987813,69962
MNAR,0.5,MICE,0,0.8276031251397192,0.5186849123720559,0.420394543791593,0.05801678886657412,0.39227369641871046,0.05511361600910677,0.3386376120946255,0.08543512318275907,64,4.00337515542193,116682
MNAR,0.5,MICE,1,0.8497427369769334,0.533841481686429,0.43591597394591025,0.055877106373070466,0.4065866772866729,0.052382272444600315,0.3218902875140626,0.09181237393918795,64,4.103884095854423,116708
MNAR,0.5,MICE,2,0.8412575141601074,0.5255132969152225,0.42754924346773865,0.06163663096748348,0.3972475498313145,0.05703860534262861,0.33549589748489256,0.10506953359581049,64,3.9992812959741335,116753
MNAR,0.5,SoftImpute,0,0.7664262682609085,0.4753939787207774,0.41197337330280226,0.054729726905357316,0.3553201973070072,0.03876627719570717,0.3097185978023681,0.06340980833888812,64,7.8422657275650565,116682
MNAR,0.5,SoftImpute,1,0.7645549074564321,0.47385098676243265,0.4086695501644033,0.049786959022643684,0.3540093676351066,0.03548752298722168,0.3145912530791131,0.06264490113076404,64,7.769261791751611,116708
MNAR,0.5,SoftImpute,2,0.7598404725137043,0.47141418365535437,0.40753847338310323,0.05357030238091523,0.35087766435212636,0.03677784903862741,0.3174560385757852,0.06432645036696205,64,7.815885089267831,116753
MNAR,0.5,HyperImpute,0,0.4611120158235119,0.2876769963153294,0.16342131136087998,0.05234827529864747,0.1570140314195728,0.05364000808337786,0.6963533523421592,0.10841847857412913,64,1.7802194750103733,116682
MNAR,0.5,HyperImpute,1,0.4699430075234646,0.2881929336750706,0.17158687008928541,0.05421673295473991,0.1637079006431395,0.054828272842526386,0.6778378668446496,0.1102157336189824,64,2.099362839619692,116708
MNAR,0.5,HyperImpute,2,0.45201821220430594,0.28152782493302064,0.15906889005894048,0.052028258105036924,0.15095597951124112,0.05244925362125263,0.7062085458608132,0.10659169530987503,64,1.7929767741445817,116753
MNAR,0.5,DiffPuter,0,1.1747371157646227,0.7248516991159963,0.660979340986323,0.11831653023279289,0.6562068328684596,0.12233305977824399,0.16340866481144867,0.13505175498117736,64,14.772195585582246,116682
MNAR,0.5,DiffPuter,1,1.1097742396685768,0.6823435305079739,0.61597388316308,0.10485484690623592,0.6123365560797144,0.10605998632138981,0.17828746112376226,0.12218669171578038,64,12.347789804173212,116708
MNAR,0.5,DiffPuter,2,1.1204064473024946,0.6865017538802759,0.6230799207307227,0.10876527914985416,0.6193062670519855,0.11087681969901593,0.17309341177988138,0.1199544030347542,64,12.784276374542683,116753
MCAR-Row,0.1,MICE,0,0.9918904814793974,0.7857265487558032,0.7235890871020756,0.06060050475615894,0.04486240004300496,0.026319279758412757,0.02096538638674546,0.02722245105942628,64,0.5221050473013665,23296
MCAR-Row,0.1,MICE,1,0.9817242727877332,0.7705982574969085,0.7062719418960066,0.057391696211070445,0.03343869161925664,0.02110336735965934,0.02030802792488359,0.02458623351621867,64,0.4744181133865874,23296
MCAR-Row,0.1,MICE,2,0.9542186742331518,0.755791930145757,0.6931732678321723,0.06842347807563244,0.026857835439866164,0.01929836017342726,0.018460977825467045,0.0218407066670408,64,0.3936254946176692,23296
MCAR-Row,0.1,SoftImpute,0,0.9419106443771423,0.7442824804979861,0.6950041472032884,0.06603486457270677,0.03965822342876518,0.02478092279061053,0.02517505506644087,0.011775129511612942,64,0.43498051200523274,23296
MCAR-Row,0.1,SoftImpute,1,0.9321998851251849,0.7288946409188358,0.6774592324475115,0.06500155546095242,0.03052671313322081,0.018907624013748896,0.024836645705240884,0.010768060649104919,64,0.36765108200926333,23296
MCAR-Row,0.1,SoftImpute,2,0.9114834867127709,0.7183727960828276,0.6633198131628777,0.09829398721938792,0.023265069278013695,0.01787603663128173,0.025440120262070744,0.011805806560628239,64,0.31500944577024015,23296
MCAR-Row,0.1,HyperImpute,0,1.068449094281674,0.7750224001901621,0.2066314321243911,0.06427316449378069,0.04624670177129726,0.03485246680214783,0.8382965659106931,0.3411206695588328,64,1.1811292962011308,23296
MCAR-Row,0.1,HyperImpute,1,1.199969468232154,0.8658596065401092,0.14164642115221732,0.055500784613321294,0.032111032816339494,0.02250301383729213,0.8934135259787543,0.21000771440707652,64,1.0524882351297316,23296
MCAR-Row,0.1,HyperImpute,2,0.9794264475356027,0.7180969746250819,0.25324464155954285,0.12515308470568462,0.038988241043234735,0.02497361724796256,0.6332981601085306,0.28953418740269743,64,1.0525605497595971,23296
MCAR-Row,0.1,DiffPuter,0,1.0098633078405954,0.7044510842009164,0.45845302501407337,0.05818485675297376,0.22432209722952967,0.12278276725944923,0.21627716752814238,0.13962998132709867,64,0.8376518741518431,23296
MCAR-Row,0.1,DiffPuter,1,1.0806846775532264,0.7029157584223853,0.5380056099779558,0.06554363745130058,0.47787045833995945,0.07390457499244903,0.11535894097383963,0.08378308346399463,64,0.9311064372635,23296
MCAR-Row,0.1,DiffPuter,2,1.0327815124030812,0.6816532632209148,0.48271716616167704,0.06500441272598602,0.39716842102232336,0.10057932200068827,0.14670351668544163,0.1059634149323839,64,0.5122568356710643,23296
MCAR-Row,0.3,MICE,0,0.9796519555807182,0.7679865224992587,0.702055366911817,0.05244488823937979,0.02889912459083003,0.017381958311639446,0.021579728901647874,0.026768287461705446,64,1.3344917382725028,69952
MCAR-Row,0.3,MICE,1,0.9692507582643612,0.7647039184181162,0.7014510843211739,0.059546305941719495,0.014184911822993179,0.01186801153399786,0.01922197500179257,0.022697079992385984,64,1.2537881180790273,69952
MCAR-Row,0.3,MICE,2,0.9738453553435452,0.7631293863829528,0.7025703902084908,0.0482661881565708,0.021888817979446182,0.015127231082405155,0.01835682391337177,0.021669546342508065,64,1.31783012386127,69952
MCAR-Row,0.3,SoftImpute,0,0.9478249103156418,0.742401068997362,0.7006546136582972,0.05736367126341857,0.02016516198064865,0.012391877248588756,0.01607967245975255,0.00796531633433602,64,1.0128973933815895,69952
MCAR-Row,0.3,SoftImpute,1,0.9382255693074236,0.7381362588623711,0.6967653661304691,0.07533569767219225,0.010091593243211523,0.008392247622374959,0.01587197630738317,0.007587922699923339,64,0.9552715175140377,69952
MCAR-Row,0.3,SoftImpute,2,0.9427446733882232,0.7392694867989367,0.6984313639554556,0.05596407084093074,0.014537659137981607,0.009933436891385138,0.015506366154864526,0.0076029037694583775,64,1.0539045697249079,69952
MCAR-Row,0.3,HyperImpute,0,1.264502944699811,0.9238850802993556,0.10473724457858971,0.039627498453959825,0.02562316799610627,0.01808262342887059,0.9648833628272977,0.1716997674204503,64,2.547570378271585,69952
MCAR-Row,0.3,HyperImpute,1,0.960869472801199,0.681693561100094,0.14806813586806494,0.060542398737895936,0.02466046481141509,0.015510135740944892,0.8516130512054969,0.14714370697618795,64,2.9406426712014664,69952
MCAR-Row,0.3,HyperImpute,2,1.0364638317759145,0.7465135017973791,0.18762244118839022,0.06662559122925012,0.016908916667387034,0.011796540350025508,0.7477595312260598,0.21531973745018454,64,3.4196986542148515,69952
MCAR-Row,0.3,DiffPuter,0,1.0652877219289203,0.6876995815349674,0.5145788307671741,0.07315258408683638,0.442802182684378,0.08228481047944858,0.13303618777010473,0.12549318465142761,64,1.7737211579177925,69952
MCAR-Row,0.3,DiffPuter,1,1.0378477489039335,0.703063298013852,0.4007856117357408,0.06741793722850287,0.24584655457471133,0.121555353505674,0.2556723267770664,0.20546415166976117,64,2.4314197269832816,69952
MCAR-Row,0.3,DiffPuter,2,1.0508890510534206,0.6887656442346524,0.4861073412589597,0.0626465984789162,0.3782313768500741,0.11400897857755105,0.1500507129651822,0.12419177177429604,64,1.624621169268846,69952
MCAR-Row,0.5,MICE,0,0.9701489474702137,0.75931748443917,0.6996677557062784,0.053709978443750736,0.03304477946251079,0.026126767467327422,0.016931846004673668,0.019497917429726553,64,2.084688437550452,116608
MCAR-Row,0.5,MICE,1,0.9798618010592947,0.7652964648164019,0.704607607428618,0.05230721339045863,0.030807061341271327,0.013512500098918556,0.01713511824002256,0.01997035789701577,64,2.374724745807065,116608
MCAR-Row,0.5,MICE,2,0.9709181832850088,0.7557465023927951,0.6874669348689675,0.05692898239658043,0.03137235843311606,0.01791047072180048,0.02177971794243305,0.025353981758917718,64,2.342618754890772,116608
MCAR-Row,0.5,SoftImpute,0,0.950068429456581,0.7451219354617736,0.7123389571160772,0.0686378444460941,0.01653023623777284,0.013096164129333553,0.010148852440581392,0.005277069165469155,64,1.651052744898382,116608
MCAR-Row,0.5,SoftImpute,1,0.959527641435263,0.752394918324111,0.7192599682561345,0.06291768344305752,0.014589347531449606,0.00654961309579142,0.009982697498852102,0.005061117651875099,64,1.8063164952727602,116608
MCAR-Row,0.5,SoftImpute,2,0.9525798838379138,0.7452869530284928,0.7115783425829272,0.060276523407579885,0.015058001073412156,0.008716606051138855,0.01043377662369005,0.005826838781246179,64,1.770594547648368,116608
MCAR-Row,0.5,HyperImpute,0,0.9550718493018144,0.7392089866563004,0.518223542668131,0.08815144802862106,0.03637292705564507,0.02193316133519467,0.15120225766738116,0.08724972625715399,64,4.191382224367368,116608
MCAR-Row,0.5,HyperImpute,1,0.9223285511482259,0.6995485338243884,0.4822578496616307,0.10916577233665697,0.02223076605250876,0.013220196966640254,0.1831893940380348,0.11196234094401623,64,5.169922621166698,116608
MCAR-Row,0.5,HyperImpute,2,0.9967179967703425,0.7153673859210159,0.18447217732292703,0.07552025101888153,0.02654094591962981,0.016187731117022888,0.766900290069615,0.2764328949014121,64,5.848603499702367,116608
MCAR-Row,0.5,DiffPuter,0,1.0812352200089344,0.7046742734986458,0.5415202268532147,0.05556379631676172,0.466230199726037,0.058168319830735456,0.12686190974238937,0.09916621598909837,64,3.067117566472589,116608
MCAR-Row,0.5,DiffPuter,1,1.1269820680665954,0.729180672979339,0.510781060357626,0.07287766156746336,0.44836881282866636,0.10175992636454251,0.24376178930934497,0.22960436888032495,64,3.8552589182804806,116608
MCAR-Row,0.5,DiffPuter,2,1.4443504206754276,1.0349993199018819,0.5124120679760558,0.22798002228913133,0.4634866858101985,0.28154936463717517,1.3297791006001032,0.6658711014814254,64,15.395817683988652,116608
