mechanism,proportion,method,cached,n_folds,secs,n_runs,top1_acc,top1_acc_std,top2_acc,top2_acc_std,top3_acc,top3_acc_std,top4_acc,top4_acc_std,top5_acc,top5_acc_std
MCAR,0.1,clean,False,3,77.5,9,0.4006243832084257,0.03454056065131,0.6233638129970357,0.0428930653099846,0.7628928399728259,0.0430690120379779,0.8371579466468354,0.0383720129436978,0.8827985105631464,0.033671313927508
MCAR,0.3,clean,False,3,77.5,9,0.4006243832084257,0.03454056065131,0.6233638129970357,0.0428930653099846,0.7628928399728259,0.0430690120379779,0.8371579466468354,0.0383720129436978,0.8827985105631464,0.033671313927508
MCAR,0.5,clean,False,3,77.5,9,0.4006243832084257,0.03454056065131,0.6233638129970357,0.0428930653099846,0.7628928399728259,0.0430690120379779,0.8371579466468354,0.0383720129436978,0.8827985105631464,0.033671313927508
MAR,0.1,clean,False,3,77.5,9,0.4006243832084257,0.03454056065131,0.6233638129970357,0.0428930653099846,0.7628928399728259,0.0430690120379779,0.8371579466468354,0.0383720129436978,0.8827985105631464,0.033671313927508
MAR,0.3,clean,False,3,77.5,9,0.4006243832084257,0.03454056065131,0.6233638129970357,0.0428930653099846,0.7628928399728259,0.0430690120379779,0.8371579466468354,0.0383720129436978,0.8827985105631464,0.033671313927508
MAR,0.5,clean,False,3,77.5,9,0.4006243832084257,0.03454056065131,0.6233638129970357,0.0428930653099846,0.7628928399728259,0.0430690120379779,0.8371579466468354,0.0383720129436978,0.8827985105631464,0.033671313927508
MNAR,0.1,clean,False,3,77.5,9,0.4006243832084257,0.03454056065131,0.6233638129970357,0.0428930653099846,0.7628928399728259,0.0430690120379779,0.8371579466468354,0.0383720129436978,0.8827985105631464,0.033671313927508
MNAR,0.3,clean,False,3,77.5,9,0.4006243832084257,0.03454056065131,0.6233638129970357,0.0428930653099846,0.7628928399728259,0.0430690120379779,0.8371579466468354,0.0383720129436978,0.8827985105631464,0.033671313927508
MNAR,0.5,clean,False,3,77.5,9,0.4006243832084257,0.03454056065131,0.6233638129970357,0.0428930653099846,0.7628928399728259,0.0430690120379779,0.8371579466468354,0.0383720129436978,0.8827985105631464,0.033671313927508
MCAR-Row,0.1,clean,3,False,77.5,9,0.4006243832084257,0.03454056065131,0.6233638129970357,0.0428930653099846,0.7628928399728259,0.0430690120379779,0.8371579466468354,0.0383720129436978,0.8827985105631464,0.033671313927508
MCAR-Row,0.3,clean,3,False,77.5,9,0.4006243832084257,0.03454056065131,0.6233638129970357,0.0428930653099846,0.7628928399728259,0.0430690120379779,0.8371579466468354,0.0383720129436978,0.8827985105631464,0.033671313927508
MCAR-Row,0.5,clean,3,False,77.5,9,0.4006243832084257,0.03454056065131,0.6233638129970357,0.0428930653099846,0.7628928399728259,0.0430690120379779,0.8371579466468354,0.0383720129436978,0.8827985105631464,0.033671313927508
MCAR,0.1,mean,True,3,70.1,9,0.3993058133923698,0.0289991320915437,0.6197946217925293,0.0366435623380053,0.7528357055761866,0.033445666020277,0.8354473572455733,0.030733113590272,0.8831469254873734,0.0301512866057895
MCAR,0.3,mean,True,3,71.3,9,0.3781259765091067,0.0393970422397388,0.595970383140974,0.0435178003673497,0.7341705616342541,0.0375256412027717,0.8171324675214087,0.0381386538241411,0.8704370084534295,0.0382017292616144
MCAR,0.5,mean,True,3,72.8,9,0.3465623969553752,0.0398185153770638,0.5568612685838654,0.0426712604225412,0.6977551204855907,0.0504994619676714,0.788552959190921,0.0492474693047207,0.849345732159451,0.0418108640254907
MAR,0.1,mean,True,3,70.8,9,0.3919302744341885,0.0398827478728286,0.609971911541327,0.0437120203866676,0.7485442143437127,0.0361634356539812,0.8329016392163201,0.0347177819221826,0.8775507767653334,0.0324895355988084
MAR,0.3,mean,True,3,63.1,9,0.3631981654653688,0.0430313967882748,0.5724869561281327,0.0409439553338666,0.70879334901621,0.0350324235983489,0.8050262179334291,0.0261233300059423,0.8681210727664,0.0234998061587095
MAR,0.5,mean,True,3,71.9,9,0.3293701107005983,0.0332911507589749,0.5342382078440349,0.0410351931867022,0.6744515250852307,0.0398726235733764,0.7625429552923593,0.0367579171677558,0.8284567547040483,0.02987283241341
MNAR,0.1,mean,True,3,70.7,9,0.3905747015176372,0.0367888207072909,0.6187906743560758,0.0337168832204778,0.7525331562295332,0.0311489198895131,0.8323772067883896,0.0322972129761805,0.8820672695591951,0.0330525591344384
MNAR,0.3,mean,True,3,72.1,9,0.370526539664403,0.0361847580047786,0.5895590780848381,0.0457448152045163,0.7291277986000321,0.0488540417250911,0.8105877044515846,0.0471743640565592,0.8683355631268392,0.0423648594249202
MNAR,0.5,mean,True,3,70.8,9,0.3384618724673562,0.0409651069063688,0.5492668865256118,0.0416595544866495,0.6867024795065227,0.0474096113414065,0.7805468762919612,0.0431592468943422,0.8475738716469547,0.0363004302791945
MCAR-Row,0.1,mean,True,3,70.5,9,0.3862196518441814,0.0270343270232528,0.5896749466660661,0.0293700975291254,0.7148847828806963,0.0325384438373529,0.7954275025815476,0.0327359477730066,0.8508373029489368,0.0309079836784133
MCAR-Row,0.3,mean,True,3,71.9,9,0.1593935045988687,0.0296545362073425,0.4079636132136672,0.031197113655083,0.5969086203283934,0.0571450542506057,0.7273259181805689,0.0434927108092321,0.8101391545459715,0.0300066285190717
MCAR-Row,0.5,mean,True,3,69.4,9,0.0412066487621228,0.0191260443626613,0.2591559417808354,0.1364040807074375,0.3890304322898595,0.206897209132374,0.4900719476733365,0.2487661446630318,0.5595461728252524,0.2608282003264862
MCAR,0.1,knn,True,3,73.4,9,0.3907145855801053,0.0302379101871497,0.6090899862103787,0.0279951499120057,0.7522074040381093,0.0281135492555747,0.8354438356563025,0.0324346336785295,0.8775067104912924,0.0312724396077286
MCAR,0.3,knn,True,3,76.9,9,0.378887853068675,0.0324306630770807,0.5931079894179763,0.0398191466428662,0.7317965068879599,0.0356452761580513,0.8151591978246004,0.0368465600862366,0.8706195875276088,0.0326939690731822
MCAR,0.5,knn,True,3,76.6,9,0.3470563093543802,0.0262928450673055,0.5512600115085123,0.0286271680804162,0.6912640052464839,0.0283137783464399,0.7814561666376428,0.0299856379409007,0.8402383357804651,0.0274418283896302
MAR,0.1,knn,True,3,70.7,9,0.3867991248412747,0.0342398048428182,0.6094941573274395,0.0401361327571909,0.7497436850276654,0.0412993565099374,0.8319674422540229,0.0340784277651506,0.8796506953128941,0.0316038764051206
MAR,0.3,knn,True,3,76.2,9,0.3710429992695198,0.0268645891947032,0.5766520710343569,0.0357732109823862,0.7206065152875207,0.0360122034809013,0.811044730757897,0.0341796749444921,0.8693395290771854,0.0302194494570177
MAR,0.5,knn,True,3,77.3,9,0.3280106651713682,0.0268492611696718,0.5341138448419187,0.0269818877209319,0.6711628761332334,0.0280525163333957,0.7672909477771446,0.0385354788106145,0.830957127272691,0.0352818643521397
MNAR,0.1,knn,True,3,74.3,9,0.3926471165665461,0.0336771036712463,0.6124251578597195,0.040624344039874,0.7505206945963917,0.0400083432762012,0.8331272779024735,0.0366887850811282,0.8825609494237061,0.0352154237805262
MNAR,0.3,knn,True,3,76.9,9,0.3816021943996823,0.0266667506041037,0.58973157251816,0.0273369661938487,0.7286295890030723,0.0322046550797021,0.8159690517797858,0.0339743370198828,0.8701483763703041,0.0331806458739633
MNAR,0.5,knn,True,3,78.7,9,0.3253870098245439,0.0222107548006628,0.531026911170595,0.0230027428320593,0.67050022194356,0.022197559050604,0.7715926191821632,0.023488765648206,0.841737606868262,0.0252923566993561
MCAR-Row,0.1,knn,True,3,73.5,9,0.395184978780788,0.0304557374456628,0.611111408814508,0.0334839157266646,0.7479664636323575,0.0322581972647191,0.8342261919819871,0.0298373369818358,0.8798673930230638,0.0290565871189485
MCAR-Row,0.3,knn,True,3,74.5,9,0.3786369582236091,0.0259832975387603,0.5876752386365744,0.0296058974189115,0.7254891679547696,0.0327344319130784,0.8135326792701824,0.0298918350474607,0.8630134185377636,0.0263215231920266
MCAR-Row,0.5,knn,True,3,78.5,9,0.3488836184822373,0.0180794885734686,0.5336749315409564,0.0121771634059386,0.6806986365970399,0.0162914993776982,0.7803973341487267,0.0129485512418997,0.8312166355212631,0.0127480904241527
MCAR,0.1,softimpute,True,3,82.5,9,0.3824904087766033,0.0310579965507001,0.6036595963205922,0.0443501628108918,0.7426543987471015,0.0383309697607255,0.8248084839982083,0.038913434141563,0.877014635904717,0.0315387047895857
MCAR,0.3,softimpute,True,3,72.6,9,0.3803124023318097,0.030131110222077,0.5934274710773201,0.0357389943862599,0.7336325429711994,0.0378209454868789,0.8197018949355401,0.0353274778115303,0.8722995798821511,0.034392675992921
MCAR,0.5,softimpute,True,3,76.4,9,0.3601398974714636,0.033506190509488,0.5719453758857989,0.0355577642335517,0.7099557766096588,0.0397256382733892,0.8016337398612937,0.0359571993377271,0.8581052371870996,0.0305412014353004
MAR,0.1,softimpute,True,3,74.2,9,0.3782781291112321,0.0378860799671948,0.5978137349272573,0.0369487367877496,0.7412192447261463,0.0333541539144634,0.8302286737204461,0.0312695579032803,0.8807592260020543,0.0279851034248748
MAR,0.3,softimpute,True,3,76.9,9,0.3572103866904278,0.0422198528470802,0.5762531837823133,0.0464403568720759,0.7167354518511351,0.0443404423196184,0.8172302416111794,0.0356580643152522,0.8699155189939052,0.0305243919057409
MAR,0.5,softimpute,True,3,81.0,9,0.3253065590608802,0.042833872805255,0.5304843072334129,0.0428324967923364,0.6709514422930768,0.0415653221422931,0.7661374796735724,0.0307524848190789,0.8356938978698943,0.0283677202732894
MNAR,0.1,softimpute,True,3,76.4,9,0.3984381514113197,0.0327600369027951,0.6209127305824387,0.0384560186522892,0.7538357418910642,0.0380398496385291,0.8311475821568856,0.0334911666813821,0.8807989780453589,0.0320940779090315
MNAR,0.3,softimpute,True,3,79.0,9,0.3629136721012753,0.0332107390409569,0.5757777104800241,0.0412878979621095,0.7242474653532788,0.0430823151056547,0.8098437868617778,0.0454538702738975,0.8640340657524133,0.0395069224226911
MNAR,0.5,softimpute,True,3,78.7,9,0.3355249859982637,0.0410329643013046,0.5497431660462211,0.037151394290875,0.6966231144271577,0.0480711319540583,0.7893744245659938,0.0468911860886349,0.8529042800972397,0.0414011278400834
MCAR-Row,0.1,softimpute,True,3,84.7,9,0.3822259276964136,0.0266706717584346,0.5808317003388661,0.0284361153438816,0.7070399675904383,0.0278621209158882,0.7911485124232249,0.0295378343735335,0.8491257068856076,0.0292812705092824
MCAR-Row,0.3,softimpute,True,3,77.8,9,0.1621975886929315,0.0358134199544639,0.4032563594392493,0.0418305093781413,0.5887819300321935,0.0549865206352083,0.7173810537580926,0.0461093429506757,0.7986414867316726,0.0334266722667224
MCAR-Row,0.5,softimpute,True,3,81.6,9,0.0393382548375281,0.0139122358026268,0.2581667442393839,0.1344055884657496,0.396382575858785,0.2084632209443738,0.4943269238315303,0.2493139720510619,0.5649178080121201,0.2647898646279873
MCAR,0.1,mice,True,1,274.6,3,0.400234387120228,0.0173189139107676,0.6284594242262157,0.0234228914258542,0.7552166040322227,0.0146429443641211,0.8532542124847465,0.0232230285273408,0.893650302983993,0.021567879530576
MCAR,0.3,mice,True,1,172.2,3,0.3882496162048389,0.0116314570642087,0.6122703886114141,0.0330771663347045,0.7575740209460696,0.0225128371723074,0.8559503879630723,0.0277433218620703,0.8964711684739193,0.0128197149069948
MCAR,0.5,mice,True,1,174.9,3,0.3884566224636523,0.0143823394785078,0.6145219290019474,0.0453484897684815,0.7450105471309719,0.0419808955424397,0.8407942417990557,0.0404114926300425,0.8968970479610809,0.0283673278047181
MAR,0.1,mice,True,1,355.2,3,0.3872850341884498,0.0163346014214602,0.6210836685028632,0.0241889027416197,0.7755040857107794,0.0335046997736838,0.8581925505532902,0.031147245334689,0.8994779691157776,0.0234439977332966
MAR,0.3,mice,True,1,227.0,3,0.3870074049889898,0.0131306990211265,0.6109552389486675,0.0294429681424407,0.7525392420421838,0.0262184717307241,0.8445068087461302,0.0285108168371434,0.8995038448981294,0.0145051290984476
MAR,0.5,mice,True,1,154.1,3,0.3546810853240898,0.0145769199395644,0.556162835661575,0.0383226084873167,0.6915097911181811,0.0313774689038957,0.8119334824519359,0.0269180746481174,0.88182084465037,0.0133787425555187
MNAR,0.1,mice,True,1,335.9,3,0.3915481706342866,0.0187518767812239,0.6204320271562573,0.0393126352850063,0.7598138680300367,0.035562343151679,0.8516779316045765,0.037612310852742,0.8913799491051727,0.027968297862095
MNAR,0.3,mice,True,1,181.5,3,0.3790881999485957,0.0255269173782603,0.614750180030611,0.0346403395659701,0.7639875680469399,0.0337088906977532,0.8524331339682453,0.0316504966246466,0.901889510988235,0.0234046251945238
MNAR,0.5,mice,True,1,154.7,3,0.3616357083480947,0.0056500770111513,0.5813768463267966,0.0205141599636188,0.7215962636991139,0.0278098217127196,0.8147261566532599,0.0280202103077683,0.875489729572025,0.0293196108651634
MCAR-Row,0.1,mice,True,1,289.6,3,0.3926233759618034,0.0231310267815725,0.5951614602508619,0.0213170286474142,0.7212928166049585,0.0359189309826615,0.8096584396729579,0.0315194944769019,0.8698714430929607,0.0283430581510526
MCAR-Row,0.3,mice,True,1,309.8,3,0.1816836509050156,0.0075985928237316,0.4035023189795101,0.0234725972693094,0.598968210414684,0.0351833562267043,0.7435612717686532,0.0195571742248152,0.8454525772742324,0.0072637438816631
MCAR-Row,0.5,mice,True,1,332.4,3,0.0477319037397741,0.0140696309171793,0.386602712384022,0.0203194393733434,0.5754480504595122,0.0204374059757413,0.7082587161444042,0.0302633454256571,0.8128438816220583,0.0173646452908763
MCAR,0.1,hyperimpute,True,1,406.1,3,0.3928256354328028,0.0020404698554148,0.6305650877229543,0.0245506735290482,0.77784500464259,0.0264263261957785,0.8693538116706145,0.0233314525812372,0.9070584155916928,0.0211592804627739
MCAR,0.3,hyperimpute,True,1,314.9,3,0.4024835541168543,0.0124675642032491,0.6250574245550174,0.0365690496464584,0.7680271423642707,0.0333789879902654,0.8445444936103605,0.0371519408682342,0.8930080394377025,0.0373519817891721
MCAR,0.5,hyperimpute,True,1,281.8,3,0.381537368797627,0.0259611354892229,0.6004762996357709,0.0384679653236185,0.7499677565754589,0.0423156236723311,0.8358535882242614,0.037476506917285,0.8867945520768933,0.0354574876733107
MAR,0.1,hyperimpute,True,1,421.5,3,0.3959053745215585,0.0184739235518379,0.6316732311268874,0.0314067426126076,0.7747159452706942,0.0406458012642258,0.8624298112167753,0.0317490102517825,0.9006119883020623,0.0215124423678535
MAR,0.3,hyperimpute,True,1,403.1,3,0.3871132815123035,0.0159071472375802,0.6255938115779943,0.0181960470472453,0.766401425425648,0.0291494807991992,0.8500569035661112,0.0352776959541674,0.8915917021518,0.0338526880371522
MAR,0.5,hyperimpute,True,1,264.5,3,0.372702902023984,0.0125958720381322,0.59579197260293,0.0293655303062596,0.7344162377191337,0.0252533533722436,0.8125193055333653,0.0265073375954245,0.8695750004052135,0.0415176243281035
MNAR,0.1,hyperimpute,True,1,398.7,3,0.3931032646322629,0.0049830861615733,0.6206954738799317,0.0188319952324633,0.7549837219910577,0.0273104534541653,0.8392297121131079,0.0317544788468722,0.8839077525464779,0.0381516001116079
MNAR,0.3,hyperimpute,True,1,419.8,3,0.3963453207091933,0.0097407322855204,0.6289087482141658,0.0213432883902692,0.7731936735738217,0.0271850574687494,0.8662552590935718,0.0269304696415569,0.910954486409136,0.0210261487328941
MNAR,0.5,hyperimpute,True,1,307.1,3,0.3936632119313406,0.0141727414072711,0.622648198188811,0.0360115360173105,0.7553836678082112,0.0407758688139937,0.8398531621711113,0.030698503733624,0.8905564971947642,0.0313156642721251
MCAR-Row,0.1,hyperimpute,True,1,354.2,3,0.4001402617911367,0.0149728467758932,0.6051440129112629,0.0115932912766363,0.760696075911557,0.0147182447379848,0.8363664149711373,0.0219911661457554,0.880792701987399,0.0182677174049698
MCAR-Row,0.3,hyperimpute,True,1,298.4,3,0.3016956452273943,0.044459808968148,0.4796055419326604,0.0330367146201643,0.6275465937745299,0.0435535919275289,0.7352161872410975,0.0350658784463904,0.8105947725130885,0.0318317176290467
MCAR-Row,0.5,hyperimpute,True,1,282.7,3,0.1192802364594983,0.0136427364870067,0.295514980167689,0.0359542944842965,0.4372637315309433,0.0536096471644221,0.5605459732188547,0.0852923447185128,0.6503348800915087,0.0903344742264672
MCAR,0.1,diffputer,True,1,426.6,3,0.3923151241921778,0.0121544213070747,0.628038291526868,0.0185775501481244,0.7563976858830531,0.0233497523837022,0.8488475725390221,0.0269977773353064,0.8842441377170497,0.023668906281831
MCAR,0.3,diffputer,True,1,410.5,3,0.3665058547575548,0.0191130163836389,0.5828026771883271,0.0385682500422018,0.7350468079588581,0.0398196305240069,0.8310704469621716,0.0343047593436733,0.8902764946013971,0.0241716567233317
MCAR,0.5,diffputer,True,1,380.5,3,0.3326478855954671,0.0092088791080289,0.5304970697268397,0.0126108168530624,0.6703283503638818,0.0235831649394235,0.779574282598276,0.0364437056713178,0.8421729521083843,0.0425366415255278
MAR,0.1,diffputer,True,1,416.1,3,0.3804645368640173,0.0236305781635403,0.6102000365849988,0.0351583330140837,0.7697116731616617,0.0275664194946103,0.8529836455793512,0.0271760985980942,0.9040963621081296,0.0250238093592548
MAR,0.3,diffputer,True,1,417.2,3,0.378507065767324,0.0275592934438172,0.5989399033507691,0.0421462626621386,0.7425919429644501,0.0344972181393263,0.8364699181005438,0.0205772552733782,0.8866509906893493,0.0216231254505036
MAR,0.5,diffputer,True,1,400.0,3,0.3361817533476432,0.0303921307440415,0.5138634569119019,0.0363592004161132,0.658426011471018,0.0472972585005442,0.7525510511240626,0.0440049690484121,0.8327244709647094,0.0414152078146974
MNAR,0.1,diffputer,True,1,413.1,3,0.3833865899770996,0.0149293243886727,0.6020596428100058,0.0297159787045824,0.7555742339726446,0.0254301734511404,0.8392979037721912,0.0245996478642983,0.8929021629143888,0.0343830281086315
MNAR,0.3,diffputer,True,1,412.1,3,0.3654212716297227,0.0165804577142087,0.5647549847060812,0.0179161052810965,0.7148958253737806,0.0266625920904131,0.8115147231464951,0.026167347297968,0.8710030888853385,0.0218945878097469
MNAR,0.5,diffputer,True,1,398.6,3,0.3242182272021043,0.0328839019901442,0.5142750960356217,0.0269587170572934,0.6504243165204424,0.0308501562759072,0.749584192965029,0.0282379808738891,0.8333172984525472,0.0420001317102849
MCAR-Row,0.1,diffputer,True,1,417.0,3,0.3992038710633499,0.0092606946637884,0.6091883340164077,0.0187241835499524,0.7461986333882109,0.0196017036998577,0.843081035772256,0.0127261947654681,0.8922292189102764,0.0101334087882988
MCAR-Row,0.3,diffputer,True,1,430.2,3,0.356266859779888,0.0200770620136748,0.5570074744541772,0.0196400508239686,0.6947094734307235,0.0244977688366505,0.7820822653060752,0.0275902741871612,0.853385964790412,0.0190263152750712
MCAR-Row,0.5,diffputer,True,1,451.0,3,0.2581351259982726,0.012945916977399,0.4199265521417275,0.0540691641202828,0.5375293779855559,0.0545073543210011,0.627047775840471,0.0618383785675871,0.6916956104948006,0.0484751098107114
MCAR,0.1,grape,True,1,3560.9,3,0.3828313894658359,0.0259037649833007,0.6309415890393196,0.0346683536372308,0.7798377872096065,0.0269937803755905,0.8606370305021637,0.0294953323371161,0.8959677195273589,0.0292717100304527
MCAR,0.3,grape,True,1,2865.5,3,0.3999591313146749,0.0208153998311723,0.6194273868817309,0.0289408702646812,0.7719797115342312,0.0250224990295361,0.858910125940385,0.0244763471215837,0.9063055287342748,0.0258772475738123
MCAR,0.5,grape,True,1,2256.3,3,0.3857322556967242,0.0182758742292754,0.5901149301527541,0.045876474875081,0.7316189325053083,0.0621962254323288,0.8381710047676275,0.0420703370718618,0.882362036348817,0.0455893459128745
MAR,0.1,grape,True,1,3492.3,3,0.37268171514179,0.0248114555510284,0.5848636514144271,0.0316641243619996,0.7502783238513353,0.0443699689531563,0.8374463670864679,0.0410811078068526,0.891789330610298,0.0260726787990488
MAR,0.3,grape,True,1,2900.9,3,0.3961783148208608,0.0215305549221606,0.61760404148461,0.0328810490232885,0.7684059591868868,0.0374191586681374,0.8534989036077903,0.0276363512625739,0.8923798425918851,0.0269425131327913
MAR,0.5,grape,True,1,2329.3,3,0.3807045390869032,0.0289924308684968,0.5902843094349933,0.0408461669932969,0.7395593244278963,0.0386620824014527,0.8296188560936021,0.0331084281418796,0.8766590023409768,0.0227849999673546
MNAR,0.1,grape,True,1,3639.2,3,0.3944114098886009,0.0141921883080625,0.6293605034836792,0.0269113280146403,0.77188558620514,0.0306407382501935,0.8560633267804506,0.0388939886223124,0.8985157026056392,0.0260183905259247
MNAR,0.3,grape,True,1,2777.4,3,0.3822642640973809,0.0296174947575901,0.6038664323374342,0.0411893829124275,0.7672083214663638,0.0427586112477486,0.8633308325865826,0.0333227337635726,0.9086488210599925,0.0253377663663248
MNAR,0.5,grape,True,1,2257.8,3,0.3690491489356775,0.0152275211267216,0.5935592457006837,0.0378561253667906,0.736291334680958,0.0411899743420394,0.8346206969210713,0.0346114127242061,0.88679212079533,0.0204179084928495
MCAR-Row,0.1,grape,True,1,3533.9,3,0.3749144999316925,0.0268218301837838,0.5835508751455875,0.0377063545929667,0.736691338385768,0.0279998771299134,0.83258797187123,0.0369413398397903,0.8802868796469316,0.0312611036573168
MCAR-Row,0.3,grape,True,1,2784.1,3,0.2644686144705248,0.0415446573085813,0.4589887373775965,0.0316801899634898,0.5921641531846316,0.0337490094868767,0.7208740572995177,0.0333757985431451,0.7964267686415619,0.033709846904644
MCAR-Row,0.5,grape,True,1,2267.2,3,0.0528114298019547,0.0383327804436236,0.2630309166394595,0.0801946727260506,0.4753093516350947,0.0402537649469401,0.6391641832862128,0.0125636401428538,0.7282331992655214,0.0267523695664603
