mechanism,proportion,method,n_folds,cached,secs,n_runs,top1_acc,top1_acc_std,top2_acc,top2_acc_std,top3_acc,top3_acc_std,top4_acc,top4_acc_std,top5_acc,top5_acc_std
MCAR,0.1,clean,3,False,49.9,9,0.4776671610808306,0.018575768860218212,0.7166632919799328,0.017941390023250646,0.8280307340709361,0.009433279716486775,0.8930964266632976,0.0088426436393306,0.9254002279114025,0.012290173100026596
MCAR,0.3,clean,3,False,49.9,9,0.4776671610808306,0.018575768860218212,0.7166632919799328,0.017941390023250646,0.8280307340709361,0.009433279716486775,0.8930964266632976,0.0088426436393306,0.9254002279114025,0.012290173100026596
MCAR,0.5,clean,3,False,49.9,9,0.4776671610808306,0.018575768860218212,0.7166632919799328,0.017941390023250646,0.8280307340709361,0.009433279716486775,0.8930964266632976,0.0088426436393306,0.9254002279114025,0.012290173100026596
MAR,0.1,clean,3,False,49.9,9,0.4776671610808306,0.018575768860218212,0.7166632919799328,0.017941390023250646,0.8280307340709361,0.009433279716486775,0.8930964266632976,0.0088426436393306,0.9254002279114025,0.012290173100026596
MAR,0.3,clean,3,False,49.9,9,0.4776671610808306,0.018575768860218212,0.7166632919799328,0.017941390023250646,0.8280307340709361,0.009433279716486775,0.8930964266632976,0.0088426436393306,0.9254002279114025,0.012290173100026596
MAR,0.5,clean,3,False,49.9,9,0.4776671610808306,0.018575768860218212,0.7166632919799328,0.017941390023250646,0.8280307340709361,0.009433279716486775,0.8930964266632976,0.0088426436393306,0.9254002279114025,0.012290173100026596
MNAR,0.1,clean,3,False,49.9,9,0.4776671610808306,0.018575768860218212,0.7166632919799328,0.017941390023250646,0.8280307340709361,0.009433279716486775,0.8930964266632976,0.0088426436393306,0.9254002279114025,0.012290173100026596
MNAR,0.3,clean,3,False,49.9,9,0.4776671610808306,0.018575768860218212,0.7166632919799328,0.017941390023250646,0.8280307340709361,0.009433279716486775,0.8930964266632976,0.0088426436393306,0.9254002279114025,0.012290173100026596
MNAR,0.5,clean,3,False,49.9,9,0.4776671610808306,0.018575768860218212,0.7166632919799328,0.017941390023250646,0.8280307340709361,0.009433279716486775,0.8930964266632976,0.0088426436393306,0.9254002279114025,0.012290173100026596
MCAR-Row,0.1,clean,3,False,49.9,9,0.4776671610808306,0.018575768860218212,0.7166632919799328,0.017941390023250646,0.8280307340709361,0.009433279716486775,0.8930964266632976,0.0088426436393306,0.9254002279114025,0.012290173100026596
MCAR-Row,0.3,clean,3,False,49.9,9,0.4776671610808306,0.018575768860218212,0.7166632919799328,0.017941390023250646,0.8280307340709361,0.009433279716486775,0.8930964266632976,0.0088426436393306,0.9254002279114025,0.012290173100026596
MCAR-Row,0.5,clean,3,False,49.9,9,0.4776671610808306,0.018575768860218212,0.7166632919799328,0.017941390023250646,0.8280307340709361,0.009433279716486775,0.8930964266632976,0.0088426436393306,0.9254002279114025,0.012290173100026596
MCAR,0.1,mean,True,3,45.4,9,0.4757412934332705,0.018806970078221092,0.7138069139620673,0.014670653241002488,0.8187221317546037,0.01073810106339645,0.8772816724539618,0.011189648020873183,0.9062799292921431,0.013714330986315207
MCAR,0.3,mean,True,3,45.7,9,0.45284423216156294,0.01827658788303071,0.6770184823849638,0.01890778338120319,0.7931851970404316,0.014153815207086841,0.8522599975027778,0.008663163741002072,0.8835707122398324,0.009926626974592274
MCAR,0.5,mean,True,3,51.7,9,0.39247716379752146,0.025211567671933513,0.6207037363118368,0.03903134169275086,0.7427522369762078,0.030323728468446064,0.8279539740810778,0.019922954034502133,0.8715994752022991,0.014350965224245862
MAR,0.1,mean,True,3,46.1,9,0.47802824890001905,0.019572690107941576,0.7171163701564918,0.012187394472182528,0.8207266356039106,0.008551082609025056,0.8782655426031404,0.011985076508734671,0.9039939406634319,0.016218598418754802
MAR,0.3,mean,True,3,46.1,9,0.45092288383023593,0.015568720880514145,0.6773547994164731,0.013981679343418882,0.7863238694373424,0.011987114681126667,0.8477402715735849,0.01341857585369262,0.8791254977504689,0.01302176269350324
MAR,0.5,mean,True,3,46.2,9,0.3795131767185038,0.029876646849238978,0.5940228153745035,0.04698804139235704,0.7336742824995324,0.04445391317918627,0.8218398671931414,0.03126453375659585,0.8659101324093876,0.02015175776933748
MNAR,0.1,mean,True,3,44.8,9,0.47930344993838175,0.01803590583011966,0.7202489061602154,0.01428760331504654,0.8240219968139249,0.01077470042050368,0.8816599286308954,0.011391730418559766,0.9082840960513204,0.013434289705209317
MNAR,0.3,mean,True,3,44.7,9,0.44721463636009456,0.027465893875356823,0.6782504846281868,0.021620913413668078,0.7895730869057537,0.019175442640066032,0.8494033667914276,0.014924170858743804,0.8824534088848129,0.018057000390559172
MNAR,0.5,mean,True,3,45.4,9,0.3755141082142049,0.05118991528964748,0.6122786976149511,0.04406341812595328,0.7429560032432687,0.02360655430524311,0.822605769478028,0.016145136316213213,0.8694846854164264,0.012230817761841551
MCAR-Row,0.1,mean,True,3,44.5,9,0.4679816552622411,0.024438744719109777,0.6966033999255505,0.026929684962937052,0.790700449347969,0.01754763358899634,0.853505722392271,0.015663112437134977,0.8988811881790618,0.012360881834427002
MCAR-Row,0.3,mean,True,3,44.4,9,0.315968382415338,0.03819338183238831,0.5333830840386135,0.03338887607382433,0.7077809881641015,0.04237918947695451,0.8014760706388054,0.036519517976550446,0.8664391859352306,0.03428873255785777
MCAR-Row,0.5,mean,True,3,44.9,9,0.17391107386885743,0.04219150485286293,0.44500596399442277,0.12532694764232039,0.6002825857832851,0.18393660092921318,0.6890812518039551,0.19768616139708317,0.7475980241310636,0.20975821236552078
MCAR,0.1,knn,True,3,49.2,9,0.4768312358923949,0.015993450070734636,0.7232822043687821,0.016264104635080445,0.8296024150626238,0.011353957385266086,0.895657180484997,0.010076941269281393,0.9280412589531453,0.012357064926629868
MCAR,0.3,knn,True,3,53.5,9,0.4716358687732501,0.022309624759830966,0.7177113617882604,0.02115068472013525,0.8235210227965876,0.01583374793578045,0.8870684386084859,0.009964186906285914,0.9229225277111451,0.009437002607880149
MCAR,0.5,knn,True,3,55.7,9,0.46082742240019836,0.02079091550123814,0.6982885600256945,0.02027872866366308,0.814062435230617,0.013138090425257704,0.8823878034009591,0.010271553927927904,0.9188885009994257,0.009158736983019333
MAR,0.1,knn,True,3,49.0,9,0.4810486894038154,0.01815337089733493,0.7188751637231308,0.013043580752636555,0.8302654781737486,0.012722386686210974,0.8955854676627423,0.012801335996317467,0.9289524938743828,0.01117034387957119
MAR,0.3,knn,True,3,53.8,9,0.47095420439331676,0.01507719191008217,0.7138585041418727,0.013958308981556403,0.823781817117879,0.013530307355790534,0.891282015583416,0.012404438155030105,0.9231151042241907,0.012718466077082762
MAR,0.5,knn,True,3,55.0,9,0.46002865978508584,0.015372461476294955,0.6977082356620578,0.010321963314164621,0.8132905011919717,0.0068236706090093885,0.8790710423045618,0.010471724669023418,0.9180545539194161,0.010234167777992945
MNAR,0.1,knn,True,3,50.0,9,0.48267716772419944,0.0170717981516978,0.7156570681381688,0.008658402870363974,0.8242399294302062,0.014840962522158295,0.8918376802402523,0.011957385894509055,0.9256586273537759,0.011494986439220962
MNAR,0.3,knn,True,3,53.5,9,0.4681259810962611,0.017908054118793964,0.7083285451579349,0.013692945902060764,0.8175673332041891,0.016444146851860197,0.8863437439784777,0.01122325210841607,0.9221855032277367,0.009174879796825191
MNAR,0.5,knn,True,3,55.3,9,0.45384745744017124,0.01829447533164842,0.6855823693253762,0.025450275380504265,0.8100391992505389,0.01637414123097403,0.8785381036784513,0.014489628620683138,0.91870719863704,0.013042203708926973
MCAR-Row,0.1,knn,True,3,47.4,9,0.48093127629468235,0.01592883434590273,0.7205119359997005,0.01493593568056248,0.8278749563568504,0.011685820453913308,0.893171084432016,0.007500159374217292,0.9268575073889479,0.0120823726358298
MCAR-Row,0.3,knn,True,3,49.9,9,0.47838148174968903,0.01670946119346511,0.7209426696680148,0.01110501633605752,0.8255166029418007,0.013391695170278085,0.8928197408260695,0.010360510886873137,0.9248489009938997,0.01144119897667245
MCAR-Row,0.5,knn,True,3,52.8,9,0.47717416142944225,0.014943244498814396,0.7169643578980182,0.012362242571192984,0.8224620289595646,0.009997851922222547,0.8852177918290249,0.012759545974936547,0.9171543671395873,0.012863792487547498
MCAR,0.1,softimpute,True,3,49.6,9,0.47655876368178673,0.018354737370211642,0.7211978492542647,0.02012831420089567,0.8254088896135582,0.011595385497460956,0.8930054606081508,0.010190662678232333,0.9258537098266183,0.010985644087093342
MCAR,0.3,softimpute,True,3,46.7,9,0.4736506224709932,0.02067172462123906,0.7131728260809006,0.014247910469308967,0.8268406888751549,0.00886100319596009,0.8860342952395039,0.008884618479825518,0.9188952114015012,0.011537067559744993
MCAR,0.5,softimpute,True,3,46.3,9,0.4423914848819092,0.0312994842042289,0.6721363961089319,0.031337878416384475,0.7974757561669767,0.02044132240374133,0.8607025243015455,0.014378387819171815,0.9011541505579381,0.015193173883344216
MAR,0.1,softimpute,True,3,46.4,9,0.48125749452292765,0.02279831519460692,0.7231006759971452,0.01756469721441779,0.8288920950429692,0.01169232129730024,0.8962116431102038,0.010671525459772874,0.9279659047879919,0.015523885856924916
MAR,0.3,softimpute,True,3,46.1,9,0.4692066674774453,0.025819345728724036,0.7080698752739588,0.01830791192820483,0.8213783579158482,0.014038441840729039,0.8820473393913567,0.011698438481345786,0.9181968619289417,0.01352985817035909
MAR,0.5,softimpute,True,3,46.4,9,0.4300644332020418,0.029686902156416284,0.6408212013993743,0.03744657477745262,0.7810687111426289,0.04111095718626359,0.8525552357084052,0.02631717884485222,0.8965486298539148,0.02220301348170151
MNAR,0.1,softimpute,True,3,46.5,9,0.4769590896112048,0.02148787393588494,0.7191666853735553,0.01915844927279649,0.8268658986495012,0.01191054444817111,0.8913505130176047,0.007346157504353555,0.9246715992807177,0.012219240982887241
MNAR,0.3,softimpute,True,3,46.1,9,0.46724731831552874,0.0185899524866871,0.7093513032953784,0.015675416317816014,0.8219207611292575,0.010157201726698014,0.8872433806907607,0.010712401251449469,0.9190016208015768,0.013307417630755226
MNAR,0.5,softimpute,True,3,46.8,9,0.4224420466885939,0.041014161345645075,0.6614523214725154,0.02599084291220784,0.7873904608341166,0.022153747918877923,0.8608369995577281,0.015724026280574566,0.9032859358423332,0.01520355298995927
MCAR-Row,0.1,softimpute,True,3,47.0,9,0.4692550245210667,0.021371399728982853,0.6997896772306282,0.02357763021818138,0.7980747215154903,0.016009260311994216,0.8627926896286282,0.008641348887383878,0.9036923246778008,0.011313354780410038
MCAR-Row,0.3,softimpute,True,3,47.7,9,0.34299637077919015,0.032871688744812604,0.567504911025265,0.03286787182123148,0.7249284279525904,0.045017544986728275,0.8099585050117787,0.039238604257217966,0.8638608329307708,0.03826676880043399
MCAR-Row,0.5,softimpute,True,3,49.4,9,0.21257460342286405,0.03713015723885061,0.507645962468035,0.0670149580329031,0.6765740935876954,0.09578971257852222,0.7688709868959303,0.10072948749331652,0.8303252257857552,0.0863494078732487
MCAR,0.1,mice,True,1,351.7,3,0.5101375499552665,0.035496144239344975,0.7382185938328011,0.024783039270991243,0.8395854416690881,0.010887146833795302,0.897154860730089,0.011378215642547691,0.9325559513267739,0.009088461593844214
MCAR,0.3,mice,True,1,187.2,3,0.4977606408202792,0.04474721609879695,0.7282531816939289,0.0030309155941689843,0.8402993295560172,0.013231985282591511,0.8986896972889621,0.013670549840573277,0.9341993631194123,0.006172750807745258
MCAR,0.5,mice,True,1,217.8,3,0.4716205996853488,0.0513628157880193,0.6998659305619465,0.02154776572890688,0.8207626916176052,0.015515755526563929,0.8870318243403762,0.007807790557133422,0.9241871736365895,0.0030297169133281206
MAR,0.1,mice,True,1,355.4,3,0.5141576447189166,0.034703747911001996,0.746533841130478,0.016117736853751816,0.8475378014316651,0.014073876780448958,0.9027201647871331,0.014687715807750499,0.9341637015695993,0.012810268542778261
MAR,0.3,mice,True,1,367.3,3,0.48933825660201097,0.05016722621628884,0.7163380436820845,0.01607831595038693,0.8246281007275799,0.00818970897160977,0.8983602757661263,0.010513569367883422,0.9338282983873399,0.004085770438642464
MAR,0.5,mice,True,1,356.4,3,0.4817979095271858,0.026582829439875423,0.7081707289895259,0.011806657707243465,0.8196695476368733,0.007281373065126537,0.8869552006701253,0.011096831664523018,0.9260551417045969,0.012073587398730103
MNAR,0.1,mice,True,1,353.2,3,0.501707064675602,0.03814667190865041,0.7316314688946509,0.014551364629871933,0.8387086909315116,0.00878627294422334,0.9006551106318387,0.017991641171727534,0.9353348933689972,0.013113317551352565
MNAR,0.3,mice,True,1,214.0,3,0.49376810654504616,0.04781359036887976,0.7207306414909805,0.012926791134570619,0.8285819445555002,0.006366050347399275,0.8970708170872408,0.013634464327429922,0.9325388397084543,0.009872208878151458
MNAR,0.5,mice,True,1,245.7,3,0.43045643785553395,0.047923710924176105,0.6802580456594849,0.03291832097432147,0.8028843673878442,0.006713679052899894,0.8680849018855583,0.004654262119938816,0.918844230317366,0.01293758399174401
MCAR-Row,0.1,mice,True,1,350.5,3,0.49514379023957017,0.02958985585536826,0.7345056606741949,0.019352782012788707,0.8138685573455641,0.01329635108314998,0.8741574063968568,0.007293747977853371,0.9087375483215977,0.010730711535357587
MCAR-Row,0.3,mice,True,1,344.1,3,0.3969685162512391,0.04952348982991949,0.6208807755356304,0.05816851661528809,0.7444204190469067,0.03624067311674303,0.8244532887228434,0.022332653284826316,0.8823818853326454,0.01127745593697184
MCAR-Row,0.5,mice,True,1,336.5,3,0.27560931714839715,0.07860528903447885,0.49923187879442893,0.07693893487585172,0.6684063439278408,0.060786322835267935,0.7630068637461437,0.048021278673308965,0.8251272001204382,0.031108794798128836
MCAR,0.1,hyperimpute,True,1,440.4,3,0.5109071637722518,0.03420946550151918,0.7295723202632037,0.01589164482041798,0.8415188273128743,0.002974420807120696,0.9019631192422176,0.006211660234587144,0.9366369964555289,0.007417813927890362
MCAR,0.3,hyperimpute,True,1,448.4,3,0.518155327293622,0.03221360772944719,0.731931134391521,0.007673070116950864,0.8310946871131177,0.008251066008213407,0.9030926678323791,0.010553426779512142,0.941040724223321,0.006771596667414472
MCAR,0.5,hyperimpute,True,1,408.0,3,0.49965609324112736,0.03653472019750735,0.7312008921106474,0.013663068689673473,0.8352277481856302,0.011289296606297218,0.8947863549560494,0.0021805861641312017,0.939055246500201,0.0044872499082960725
MAR,0.1,hyperimpute,True,1,453.6,3,0.49518475236000814,0.034271263454254845,0.7340848516714898,0.029568831141971397,0.8334089052702747,0.020385582858859958,0.8967265556192103,0.01709264748388633,0.9345592978925885,0.011554325365281021
MAR,0.3,hyperimpute,True,1,400.2,3,0.4884652919863092,0.04312566705526214,0.7151534502506655,0.017974118287194328,0.8255643635170878,0.016637708856657503,0.8907514963827811,0.012687755380882477,0.9314167110908901,0.0031665580691021974
MAR,0.5,hyperimpute,True,1,419.3,3,0.48175838571992163,0.030479015839579703,0.7045924171043518,0.01310812086239024,0.8246399879108509,0.0063230629224109245,0.8930351251540211,0.01048488137151661,0.9418207869104034,0.008798132969595862
MNAR,0.1,hyperimpute,True,1,432.2,3,0.5148975025099362,0.0294273940160788,0.7319720203763826,0.01253250257126858,0.8350492881654129,0.007863903481320883,0.8963115760047766,0.011114479785609314,0.9382261206312846,0.007992281938532735
MNAR,0.3,hyperimpute,True,1,438.7,3,0.5058029497495516,0.04338472182203371,0.7276449162788415,0.017322981028129278,0.8316107458531431,0.012219194969395678,0.8927555240373942,0.0035077355056203946,0.932241369749133,0.0037909500459424824
MNAR,0.5,hyperimpute,True,1,418.5,3,0.4928563753464552,0.04042841902462643,0.7087113193204684,0.02567642979711503,0.8235051387500644,0.014222510519638989,0.881175713072233,0.012481311803557644,0.9246094970880444,0.008703423850065261
MCAR-Row,0.1,hyperimpute,True,1,362.6,3,0.49890881547751037,0.04010619396457151,0.7248415187812774,0.024513757957713263,0.8190174434750005,0.010757434256292584,0.8750170455161138,0.006478677991512015,0.912776950241116,0.011517093740785439
MCAR-Row,0.3,hyperimpute,True,1,408.3,3,0.41242410906089616,0.025482720094806767,0.6095488283655519,0.03819534031740928,0.7542966250787,0.0271214872974977,0.8266500733604639,0.01743989483092851,0.8801882676989187,0.015744421027392756
MCAR-Row,0.5,hyperimpute,True,1,371.3,3,0.2892905868782825,0.04456255823700413,0.5079521998188469,0.057987791754925716,0.6622630592993209,0.046006334409541744,0.7677926480985099,0.03486320855483144,0.8384751240992188,0.015824170344162804
MCAR,0.1,diffputer,True,1,502.7,3,0.5043647870764144,0.025712038803221784,0.7391926995449122,0.006776742705884561,0.837054830268776,0.004793238149909844,0.897852318087497,0.010205400701043853,0.9358130188860848,0.0057532912153210256
MCAR,0.3,diffputer,True,1,496.8,3,0.4737630205705106,0.028893075329825945,0.6957894287794414,0.01889124991602094,0.8069959257669397,0.010866579007576399,0.8835211255685292,0.0054592474476101265,0.9241886119497632,0.006587557919409066
MCAR,0.5,diffputer,True,1,496.9,3,0.4481241982304109,0.04245261965275265,0.6797962745363421,0.030521779302111238,0.800147978050385,0.02662475498679029,0.867696120581944,0.02574791306205073,0.8994899004918642,0.024515198651374595
MAR,0.1,diffputer,True,1,510.8,3,0.5121171221545392,0.03272692121047212,0.7360226283903732,0.011139460019865533,0.8383769977355509,0.005409915751264135,0.9015548785115822,0.008252433570059918,0.9386604074015867,0.006944996277861925
MAR,0.3,diffputer,True,1,507.4,3,0.48719514046329193,0.03904527387323001,0.7186789889677071,0.010201946758931817,0.825402257890815,0.016661478824968216,0.8862756121554117,0.01578204256760525,0.9290356370447809,0.004868696643197223
MAR,0.5,diffputer,True,1,521.1,3,0.4459371672093304,0.029569356916498576,0.6512490991508771,0.011933556340554841,0.7746459583565075,0.01704938770646554,0.8467212438348185,0.005278904681342552,0.8910942434020614,0.003059116513873923
MNAR,0.1,diffputer,True,1,517.0,3,0.4988976855186144,0.039942681532856246,0.737398402385232,0.025883256896581164,0.8352121510160605,0.011080830624398203,0.8947142746320486,0.012286439729779322,0.9326028189710591,0.007963307943403148
MNAR,0.3,diffputer,True,1,512.4,3,0.47071863626805643,0.04279691009482087,0.7138231055869183,0.009358496637088804,0.8185712695214273,0.011345271744053519,0.8781990799895002,0.01774055688991935,0.9217094115399861,0.007518994305607925
MNAR,0.5,diffputer,True,1,575.9,3,0.42109854807213276,0.041360300620378536,0.6358387692364206,0.012605812613161646,0.765977348733542,0.012827151196979733,0.853578278243873,0.012438931038534074,0.9035574678530218,0.009158516124238071
MCAR-Row,0.1,diffputer,True,1,750.3,3,0.5049039390941831,0.03612212043874762,0.7409253794154473,0.016073953330039182,0.8388009117713321,0.010905062986240928,0.8919709941396382,0.003508829810483112,0.9266441141285745,0.002559964924497578
MCAR-Row,0.3,diffputer,True,1,702.5,3,0.47643567321685226,0.04857222531774692,0.6867082776510779,0.033075347698946725,0.7777684188071446,0.026843829130844814,0.8457307837287628,0.014737247683220508,0.888052811861531,0.011746772851945872
MCAR-Row,0.5,diffputer,True,1,703.9,3,0.390994290374761,0.05180107197843469,0.5532214095506874,0.07659961385678608,0.6629472672958605,0.046636679966333736,0.7622155329937711,0.04245041375421686,0.8180269833689447,0.025699819343496355
MCAR,0.1,grape,True,1,5438.8,3,0.5113593955208248,0.037198168875186795,0.7432841174081882,0.011050842917887086,0.8503769366146186,0.006673975575087087,0.905177105279118,0.011464396836097422,0.9366369964555289,0.007417813927890362
MCAR,0.3,grape,True,1,4473.1,3,0.496864506791258,0.03947228940572673,0.7421017956498942,0.013813804863577438,0.8463360202463502,0.0032776492486683404,0.9038905993621563,0.0127191316774769,0.9358301305044044,0.004372957020074017
MCAR,0.5,grape,True,1,3634.4,3,0.4736826869139612,0.02266611897925999,0.7065267122436655,0.021151802109873427,0.8287381446579255,0.011823785976863796,0.8946621825527147,0.009390841301716796,0.9326258361132261,0.0028742803654451827
MAR,0.1,grape,True,1,5322.8,3,0.5009485808175128,0.041833649418922446,0.7293336812670149,0.023417726215678898,0.8421137813962755,0.015629044175274324,0.8956326685788619,0.01253024182325937,0.9338298128360899,0.008319954959973225
MAR,0.3,grape,True,1,4444.5,3,0.4895769717337761,0.036319125333284547,0.7264156507406859,0.01771869132406582,0.8311318631116805,0.00835300933415848,0.899970145410924,0.006427689245650902,0.9378736058307057,0.003912450691413696
MAR,0.5,grape,True,1,3687.5,3,0.4827169845627978,0.03698777614060012,0.7065154300136168,0.006457304598425121,0.824613941871184,0.0027347103006476925,0.8898144763688981,0.010401152214889128,0.9293687685539154,0.006585003746027498
MNAR,0.1,grape,True,1,5536.6,3,0.5065280437309531,0.03758511550968284,0.7331187567204401,0.006639291569036022,0.8330712304148903,0.004869444370442236,0.9043591093690976,0.011233218233126235,0.9410489014202933,0.006186728579566049
MNAR,0.3,grape,True,1,4425.5,3,0.49797626267430123,0.030413390492886824,0.7182015445394184,0.005202818029373956,0.8319000386154922,0.008729160207991717,0.8979431006141438,0.011140067549837013,0.9342030731057109,0.005484902598059538
MNAR,0.5,grape,True,1,3463.5,3,0.4783384694747214,0.044264024305574794,0.6985771529718595,0.02299098891577452,0.8088697993587944,0.008288764889727183,0.8792921336698974,0.012285873569596208,0.9277364867201731,0.006672159048377006
MCAR-Row,0.1,grape,True,1,5137.3,3,0.5048979574347595,0.035542861390340214,0.7311868855254041,0.020161335453216855,0.8193565566435584,0.014971316816553847,0.8797844180433808,0.005482947124022092,0.9180805220242281,0.009641246819041683
MCAR-Row,0.3,grape,True,1,4314.6,3,0.3752957294646356,0.05931983633922714,0.5690791711312214,0.046292835074075236,0.7227401981229477,0.05288512325778724,0.8138582607466193,0.030080576554940522,0.8749264152606196,0.02742197269262125
MCAR-Row,0.5,grape,True,1,3413.4,3,0.1738045923657571,0.11879767711963159,0.5068543743854708,0.06669184376235128,0.668207453014257,0.03868980578866392,0.7666399920658468,0.00835012654010159,0.8408332571387372,0.012992482290011832
